sample_id,freq_hz,snr_db,snr_level,duty_pct,amplitude_v,noise_type
0001,11.239882614641974,26.42031646154288,Very Clean,22.21867081851528,0.9223376576804114,white
0002,23.915714741018157,20.84139964995049,Very Clean,78.17870346756968,1.1964758475798964,white
0003,19.103866719850913,21.616287140946138,Very Clean,50.36766607135,0.942526210691867,white
0004,16.170486652334805,28.98554188527079,Very Clean,72.85202262754191,0.721756334392639,white
0005,6.432410089733604,26.0642905965959,Very Clean,37.40347207214282,0.801589677751502,white
0006,6.431879447396458,20.091970516166295,Very Clean,77.68662599473403,1.6519469200818144,white
0007,4.277839467700388,21.01471542866032,Very Clean,42.24411751139142,1.0158342960144813,white
0008,22.055875207048572,26.635017691080556,Very Clean,15.758635603620885,1.4106746526201888,white
0009,16.224530258350594,20.050615838462186,Very Clean,78.37673834934846,1.7585431771371423,white
0010,18.577596711513003,21.608080514174986,Very Clean,21.39006737502935,2.2259870715734134,white
0011,3.452858874507654,25.48733789366586,Very Clean,37.351954631329036,0.5982803496027473,white
0012,24.338016747563874,26.918951976926934,Very Clean,81.50433769355635,2.4985259972726066,white
0013,21.313738097609278,26.519612595026004,Very Clean,81.54250028562893,2.0697509737272695,white
0014,7.671460434922075,22.2426930946056,Very Clean,55.14065216863003,0.7043975798721798,white
0015,7.000149278556213,27.12179221347536,Very Clean,59.22860485188595,2.6839465602669432,white
0016,7.034899216775544,22.372490874968,Very Clean,46.39118653848239,2.802181001329533,white
0017,9.69332934510983,23.253996981592678,Very Clean,35.52475401886451,0.6526948996371593,white
0018,14.544641495909232,27.46491405118024,Very Clean,38.006518175894115,1.1921941203680093,white
0019,12.502790410126547,26.496328990472147,Very Clean,62.07629192539269,2.5155031994826533,white
0020,9.407041084356923,28.49223410494178,Very Clean,67.66621706063759,2.370649225959146,white
0021,16.46076368389235,26.576128923003434,Very Clean,70.4105330608094,0.9613025483909433,white
0022,6.06886493434492,25.683086033354716,Very Clean,70.27326999561878,1.0233733083417758,white
0023,9.4271822677748,20.936747678280923,Very Clean,21.384427213408326,1.426180256978455,white
0024,11.059960552461217,23.677158030594335,Very Clean,49.609421329180705,1.7113074629775533,white
0025,13.03353965277479,22.652023676817254,Very Clean,19.0291132011651,2.04563692882574,white
0026,20.2738711506463,22.439896433790835,Very Clean,53.46702176266149,1.422284098924431,white
0027,7.392823207483914,29.730105547524456,Very Clean,45.907135096136386,1.6563367903328698,white
0028,14.313157645099455,23.930977246667602,Very Clean,77.13929279308098,2.3686773453343912,white
0029,16.033120514964935,28.920465551771134,Very Clean,39.5640508786455,0.5917080072264947,white
0030,4.02190907983995,26.31138625997263,Very Clean,23.19469114993241,1.1310923608600518,white
0031,16.365986741831644,27.948113035416483,Very Clean,25.00941774369851,2.283373964711381,white
0032,6.751530721120414,25.026370931051922,Very Clean,68.30574422022306,2.7380170942179984,white
0033,4.431135045676149,25.76903884626359,Very Clean,58.27526443213827,1.7791936052891653,white
0034,23.87548181957333,24.92517693818864,Very Clean,22.07858732859532,1.8302837131632892,white
0035,24.243904727640306,21.952429877980446,Very Clean,20.887476428049823,0.7679300283494401,white
0036,20.784741658562144,27.224521152615054,Very Clean,64.0678392021384,1.6185309170586366,white
0037,9.701502921814155,22.80772362440856,Very Clean,20.093410445493546,1.8315431661375579,white
0038,5.148786508140445,20.24315966431454,Very Clean,72.53020415032493,1.106176259086824,white
0039,18.05312658326745,26.454722959071677,Very Clean,64.43695590095473,1.1731080773734524,white
0040,12.683354862271228,21.77110679407049,Very Clean,20.694414644932984,1.4432104077615566,white
0041,5.684841166585134,29.40458584352914,Very Clean,20.938639985963434,0.5501779944443159,white
0042,13.893892022447943,29.539285770025874,Very Clean,84.06477049508229,1.3051979139579457,white
0043,3.7565474645348047,29.148643902204483,Very Clean,41.19895570292842,1.0286200174913616,white
0044,23.005048845733207,23.701587002554444,Very Clean,40.944950294682364,1.3187433804447866,white
0045,8.693159595200372,20.154566165288674,Very Clean,71.89596970802518,0.799405329548128,white
0046,17.575490255787603,29.283185625877252,Very Clean,81.30740041687011,2.7263182018497374,white
0047,9.85764367396704,24.281841483173142,Very Clean,84.02007446760096,1.9839811338851217,white
0048,14.441496465911838,29.666548190436696,Very Clean,67.73647296812592,2.197755797861224,white
0049,15.027626145552151,29.636199770892528,Very Clean,41.338170987164105,2.4729280965183458,white
0050,7.066798021561595,28.530094554673603,Very Clean,20.845050168906813,1.746105497322643,white
0051,24.330861810820288,22.944488920695857,Very Clean,69.40028411492057,0.7173007202185593,white
0052,20.05292211394452,23.85097728601925,Very Clean,54.08829748150635,1.8427663545463695,white
0053,23.66897671441216,28.51136671516857,Very Clean,44.69554064728834,1.9671027950521978,white
0054,22.686201709408273,23.169220051562775,Very Clean,78.44480695663151,2.363598685460825,white
0055,16.153799533843873,21.694927466860925,Very Clean,22.783823761430593,1.5791488655741985,white
0056,23.28123317050857,25.568012624583503,Very Clean,49.48375730036014,0.8189507569889094,white
0057,4.946835045142229,29.361547741607808,Very Clean,15.794755133719335,1.2094397644968111,white
0058,7.311622973221194,26.960297966749728,Very Clean,47.80624493958884,1.4077057409965876,white
0059,3.9950003560318375,25.70061170089365,Very Clean,18.941229297728615,2.114793103329003,white
0060,10.157267276791815,20.971764937707686,Very Clean,23.317254138765037,1.9269457616722798,white
0061,11.550900373168604,26.1500722669917,Very Clean,23.22683727439734,1.3902418147446156,white
0062,8.96967869902571,29.900538501042632,Very Clean,60.44472114812445,2.966288121982449,white
0063,21.232225201342445,21.40084015236524,Very Clean,67.22314154857963,2.014437048392218,white
0064,10.848573187258964,25.183296523637367,Very Clean,55.83581355680117,1.0930669793399863,white
0065,9.180559213122377,28.773730719279556,Very Clean,82.35207839321794,0.7544561815510094,white
0066,14.939313829481467,27.407686177542043,Very Clean,41.24094056665928,0.88214784796083,white
0067,6.100332949444779,26.97015740995268,Very Clean,34.99984603973025,1.1148943209612703,white
0068,20.648333576588872,27.024840839871093,Very Clean,75.80193897326222,0.9017034331488891,white
0069,4.640114160954958,23.59491151219755,Very Clean,30.651708696361684,0.9664175601282644,white
0070,24.711512605211382,22.935918442644933,Very Clean,82.4255777608428,1.2127379217346177,white
0071,19.989384924526462,28.093611554785134,Very Clean,15.850813228287144,0.9334339882368871,white
0072,7.371744993751793,28.10113394679181,Very Clean,82.89151786953474,2.741913561566063,white
0073,3.121486576719253,28.670723185801037,Very Clean,18.021193836540327,0.7005843641541055,white
0074,20.940151426006352,29.132405525564714,Very Clean,77.38001795886498,1.8112784739256367,white
0075,18.550861564647576,25.113423988609377,Very Clean,51.93907763604099,1.5259920674741538,white
0076,19.03815769690172,25.015162946871996,Very Clean,84.50753572835103,2.955946542271516,white
0077,19.967947627090805,27.98295178966775,Very Clean,20.16575953147792,0.7800972554201309,white
0078,4.628982338149988,26.499639307777652,Very Clean,53.76979990809245,1.4946389976143541,white
0079,10.886246027973996,27.019668772577035,Very Clean,82.85117749333693,2.9236760831884223,white
0080,5.549119309552854,27.95792669436101,Very Clean,51.61684909191042,2.6637678147349506,white
0081,21.988275369263057,28.900053418175663,Very Clean,59.05790466946838,2.5426801773732,white
0082,16.712558790206273,23.37995156851536,Very Clean,63.702408228923204,1.1447570676123495,white
0083,10.279756546758282,23.755829526399438,Very Clean,46.817874533744124,0.9272189684751646,white
0084,4.39828370629252,20.93981939840869,Very Clean,58.92906560588444,2.1716080498110775,white
0085,9.841611077744568,25.782801409961742,Very Clean,55.90200183461702,2.8234399728189645,white
0086,10.154033084588434,20.35942273796742,Very Clean,78.08106073436923,1.8919072325348245,white
0087,19.05133592343741,24.6559801813246,Very Clean,18.18124662390205,1.9290317236747496,white
0088,17.02626436981469,25.426446347075768,Very Clean,34.66742327145612,1.1999477341507103,white
0089,22.518680336679182,22.865412521282845,Very Clean,81.52880388535911,2.423732332979842,white
0090,13.388728353562884,25.908332605690106,Very Clean,77.31846487236413,0.9676093713938084,white
0091,5.631073410642637,20.305002499390493,Very Clean,46.895972694999905,1.3091980910106091,white
0092,18.69138531890589,20.373481887492144,Very Clean,58.40928184610757,1.563591096541042,white
0093,19.737271069571744,28.226005606596583,Very Clean,34.41668280867928,1.7690259467111376,white
0094,15.348098346528918,23.60190641411263,Very Clean,28.168481180663292,1.1060243310377005,white
0095,19.96127795900034,21.27060512651885,Very Clean,47.45888834579875,0.7870920618480088,white
0096,13.863503120016595,25.222432600548043,Very Clean,39.7346559618237,2.0265501061040814,white
0097,14.500122246403869,27.69993553098611,Very Clean,55.85592782956105,1.2215763831006394,white
0098,12.405902403888092,22.158210274968432,Very Clean,20.441424587548937,1.9530955535565306,white
0099,3.5592207883700944,26.22890475819,Very Clean,83.20763653663165,0.8859067881855058,white
0100,5.373611393852698,20.85347464993768,Very Clean,84.0347521135722,1.7028502546370436,white
0101,3.6914420851081537,20.516817211686078,Very Clean,63.87131998138216,1.8314735813789647,white
0102,17.00102904780317,25.313546315681478,Very Clean,52.52674564408843,0.6295588420560673,white
0103,9.915831583679186,25.406351216101065,Very Clean,36.66693314004294,1.3415106954848015,white
0104,14.18855520562346,26.374299014982064,Very Clean,71.96565137948642,0.8360366923474356,white
0105,22.966462426374047,27.260913337226615,Very Clean,62.93118207877155,0.6584374261819194,white
0106,8.484429041275249,29.758520794625348,Very Clean,26.38318575414239,2.974900580974863,white
0107,12.028424306783855,25.163003483011952,Very Clean,78.76490291456898,1.3058846124368073,white
0108,19.622125047947073,23.22956472941246,Very Clean,72.57760700462183,2.5246861146365873,white
0109,8.033559640815694,27.951861947687036,Very Clean,81.48599393043469,1.1366016369094096,white
0110,4.693558016233446,22.708322512620743,Very Clean,65.8003655871852,2.203756805559823,white
0111,9.374531964102896,24.38971420705636,Very Clean,57.93906371550529,2.4005696497242166,white
0112,6.546868319588097,20.78456381342266,Very Clean,44.27701254034332,1.9890968515196108,white
0113,23.453348351536608,20.253507434154574,Very Clean,80.29099383478093,1.678940471375396,white
0114,20.77864835041717,29.62648414677925,Very Clean,75.62447226502859,1.5296022853681714,white
0115,16.934882643229315,28.35980120512206,Very Clean,18.16530690743326,1.3721706663574882,white
0116,22.17213298412979,26.959742060936982,Very Clean,16.84568821480764,2.823822860619565,white
0117,20.680785691780518,24.0895294441427,Very Clean,41.352435681463476,2.576548519469323,white
0118,7.104541295492789,21.73294320070846,Very Clean,71.7387331547283,2.9125672766662816,white
0119,22.636297966779512,21.56437042671086,Very Clean,84.1093290520461,0.8107430587138618,white
0120,14.865529322144315,22.502428981645952,Very Clean,25.529182377246972,2.3271686880091105,white
0121,20.763683413609375,25.492266647061204,Very Clean,56.58915007464946,2.8458511420525947,white
0122,22.714008598316852,27.145959227000624,Very Clean,41.66235996417151,0.9530826654141504,white
0123,9.996076449381006,26.601973767177313,Very Clean,82.89400784702222,0.6662406684169437,white
0124,5.421142339608888,22.799338969459427,Very Clean,73.9483246194996,2.3528016232251474,white
0125,8.014573575922718,29.548652806631942,Very Clean,73.68300932977965,1.9361827829497797,white
0126,12.396371349777638,27.378969166957685,Very Clean,47.80852118564792,2.60457194189568,white
0127,20.996324850294847,25.543540525114008,Very Clean,44.037365163636565,0.8494309415657237,white
0128,21.936072831639557,26.117207462343522,Very Clean,34.13849503514943,2.4881682796497255,white
0129,3.1529468716861953,24.1960006242779,Very Clean,18.946284765564897,1.0040683001193613,white
0130,14.236440656706446,22.477309895011576,Very Clean,75.53056633785373,0.9091398571642613,white
0131,12.183042069273139,23.559726786512616,Very Clean,71.90307063910544,0.9106644948274824,white
0132,7.886371830356065,27.57846110464369,Very Clean,84.98023713002914,2.536436800578455,white
0133,5.6370380813410215,20.143934886297558,Very Clean,84.76457859517338,2.1629930517405,white
0134,10.427533770879815,21.160726405069163,Very Clean,53.88021939218392,1.8076635619227983,white
0135,23.74401348607542,20.460026420217527,Very Clean,68.82911906263573,1.3970762103087562,white
0136,10.110464504456615,20.4072880231897,Very Clean,81.13360109176996,2.6930013520327707,white
0137,14.413393678354055,28.55460584011007,Very Clean,74.47531734741881,1.4811127685565886,white
0138,18.466417095693913,27.036578593800236,Very Clean,32.31436712202384,2.5414985986789427,white
0139,10.999851252344467,24.74173829087325,Very Clean,46.53808947170654,1.597837271425546,white
0140,24.379205819861134,20.978341606510014,Very Clean,24.04115906060465,1.442361073562269,white
0141,24.173840488726448,24.916158751168325,Very Clean,81.78357190811056,1.656699464174016,white
0142,8.53921050815801,24.734717707805657,Very Clean,57.432224411561606,1.2534446854103551,white
0143,13.93946712963248,21.732018699100152,Very Clean,31.00499638524239,2.369023450440628,white
0144,9.619322815968932,24.338516492379732,Very Clean,62.01904790840997,1.756800975231198,white
0145,9.266490876304287,23.985047343973733,Very Clean,58.26897683205271,1.0805317378670432,white
0146,3.8115128417997215,26.158500980522163,Very Clean,40.071390262298834,2.748936433186421,white
0147,16.41041534755773,26.350936508676437,Very Clean,22.94903145397403,1.4597280534330286,white
0148,14.058938511034953,20.453040097720447,Very Clean,62.01012369149597,1.8588821527849715,white
0149,4.132532527499766,23.74612614626471,Very Clean,51.421539063265534,2.7661802774113675,white
0150,9.130222213205451,26.258599157142363,Very Clean,69.06228742149474,2.0605949897849802,white
0151,22.98184949126638,25.031362585800878,Very Clean,51.41144507783954,0.7922451017709102,white
0152,8.270361594673393,28.56489841188322,Very Clean,74.65270502229781,2.849580309033688,white
0153,6.187687186006908,26.58693631618945,Very Clean,53.633478714213986,2.0692701326785445,white
0154,13.767960726106386,21.629344270814297,Very Clean,54.265658007477036,1.3372640366427153,white
0155,24.684309990433217,20.7056874740043,Very Clean,76.36575218608415,0.8481801816584682,white
0156,8.325215973253009,26.424192782063155,Very Clean,43.243800634867796,2.48506297317574,white
0157,17.786982042929328,20.26511310541622,Very Clean,24.38106599154485,2.0501818898212836,white
0158,19.755631537231785,25.85775581273463,Very Clean,17.01478734193373,1.8336527299408039,white
0159,8.228025967832792,29.402302414249576,Very Clean,67.85960789715332,2.7347314576273942,white
0160,19.02075966946091,25.754741778758792,Very Clean,58.42166859474253,2.4714930280613268,white
0161,11.091228919823571,23.88169926206522,Very Clean,64.28558376694565,0.8791871993318779,white
0162,16.910728273058748,26.432882184423534,Very Clean,29.90749130562375,1.2793051694888706,white
0163,16.937653636739682,24.582528904915165,Very Clean,24.546003291073884,1.1212228495361645,white
0164,14.787043049644687,25.45616789315935,Very Clean,16.018126596751735,2.359865731431692,white
0165,4.986374941196983,29.41464808776525,Very Clean,39.54112911646179,0.5838310868394485,white
0166,21.376654902963235,23.861026378007743,Very Clean,56.29423807982432,1.9247242121782913,white
0167,10.057161429378189,29.611905638239143,Very Clean,42.45708315698126,2.4061467143517263,white
0168,7.103407228796793,29.053506419560637,Very Clean,45.62324454166104,2.6919140919043736,white
0169,3.897053114204806,21.957911347892964,Very Clean,78.29110861456239,1.3552043717897686,white
0170,15.99964475014132,20.693613008751655,Very Clean,39.37788269163103,2.5531432616800322,white
0171,17.90641596053021,21.007780013774266,Very Clean,50.979264241186755,0.7765793423880181,white
0172,3.3649322364128356,20.182218256515498,Very Clean,69.85571089188002,2.6161307293362954,white
0173,14.266047282584182,20.944429607559282,Very Clean,42.75799476248891,0.818721655829956,white
0174,7.982907054354635,26.83006773416357,Very Clean,58.54606901595115,1.4932182264009182,white
0175,17.193801389007895,20.71188648460229,Very Clean,75.36545961227216,2.493238414448884,white
0176,6.8360614381098115,23.189756302937614,Very Clean,81.46644365603495,0.8747935683719344,white
0177,18.20063023825425,28.448753109694543,Very Clean,25.295143665032654,1.0731284880816037,white
0178,11.508177618611823,20.23271935735826,Very Clean,79.86113376130461,2.3056314209826656,white
0179,23.60805975220816,28.144684825889357,Very Clean,49.44814051556767,2.300091341365186,white
0180,6.0254607712118515,22.818547747733998,Very Clean,33.07710718092709,2.1028690822132434,white
0181,10.503459723105687,21.181648276216563,Very Clean,47.13950293667829,2.23487111116775,white
0182,5.496417467292959,26.967371653641507,Very Clean,83.6022802699834,1.8568111083689904,white
0183,23.34325960212838,26.28942846779884,Very Clean,49.48326657950087,1.1294976472673819,white
0184,22.301465774381583,28.774720135270528,Very Clean,38.012612720125574,1.3642399837597985,white
0185,8.674715809733424,27.35071043803886,Very Clean,59.338059802170804,0.9539942920035642,white
0186,17.51964901275194,28.034809303848483,Very Clean,31.810193314473516,2.771126403334071,white
0187,20.978888404426748,22.820345725713064,Very Clean,20.310432967606474,1.958479486915301,white
0188,15.214417855188172,21.774395437797228,Very Clean,24.021580533745446,1.5021285419090997,white
0189,14.652312723832143,27.506147516408582,Very Clean,23.96320872704407,1.6550145091103317,white
0190,8.320750399809937,28.068347392672642,Very Clean,25.633188545860605,2.8682083490295383,white
0191,5.048260891729782,29.905051420006735,Very Clean,24.71790208545871,0.8833785077902006,white
0192,22.73874667497319,24.126176769114267,Very Clean,59.86123213622502,1.965574580041993,white
0193,22.80919725759327,23.720180857927833,Very Clean,27.731605907940136,1.764721697211165,white
0194,16.928232060011894,27.764129607419967,Very Clean,39.19670983267042,2.02863558858662,white
0195,10.458655403071415,23.408035402530178,Very Clean,77.77518869342083,0.5452754595521012,white
0196,10.68261064147854,29.307573256035646,Very Clean,48.177314818401065,2.6803097723603786,white
0197,18.971024935145266,28.58412751843012,Very Clean,61.7290416964719,2.830295706209031,white
0198,22.736425718956696,24.289940273750183,Very Clean,27.06239098411409,1.9128329589730224,white
0199,22.51590133383258,27.508710677914973,Very Clean,28.460231316606954,2.2416270596922305,white
0200,20.157262008867725,27.545428740846823,Very Clean,17.86080313865352,2.8062484529432394,white
0201,14.053912616474182,15.253568705143199,Clean,69.60817225860762,1.2643585287473444,mixed
0202,8.061380770900671,15.715377344213968,Clean,77.47718018887593,0.6418729224559928,mixed
0203,16.098369710004516,13.295358441818166,Clean,79.72182987069158,1.8350449144942147,mixed
0204,24.68524545764971,19.925782500211355,Clean,52.908587304633556,0.6947561772809161,mixed
0205,4.513891581094391,13.525778709451936,Clean,77.87852315045677,2.974388931174555,mixed
0206,24.00836110392257,14.904846171176994,Clean,60.522834452302284,0.8747365682512906,mixed
0207,8.985032419224366,10.977500539021344,Clean,22.64675544359825,0.5948174800190951,mixed
0208,10.403775976386427,12.547686730951089,Clean,34.929773869230004,2.7961056879869144,mixed
0209,15.666344540546833,10.649024408275686,Clean,77.26118411188374,1.704369163015658,mixed
0210,22.824574329262227,11.057735366360074,Clean,43.50731837817155,2.4472402368711483,mixed
0211,8.43843028700446,11.055920521112428,Clean,63.67404700071237,1.3589155811815097,mixed
0212,15.653239834108822,10.462506446743406,Clean,57.778155658135304,1.4223397175574535,mixed
0213,18.96286111303483,15.364835480161842,Clean,81.29943463761275,0.9929877926993189,mixed
0214,16.069654760756585,14.52303642263218,Clean,48.98323456778106,2.786537021678393,mixed
0215,15.496861016979755,15.527249057035593,Clean,38.44661766020744,2.9813918933279577,mixed
0216,15.55168804101998,11.21434664575328,Clean,81.71297154941726,1.9824874741697895,mixed
0217,18.847535325572473,19.659244327266475,Clean,64.2488132224315,2.388434810671149,mixed
0218,9.339959982818698,19.74001573905356,Clean,80.00316413553307,2.9254797290833157,mixed
0219,18.82733023082249,13.66500406825134,Clean,83.99869214837507,1.3550083218988869,mixed
0220,6.90825266644111,11.96874368779185,Clean,69.98553341713139,0.6504084456467036,mixed
0221,21.406440535780227,10.93793953539517,Clean,28.12235108391095,1.5531645904315876,mixed
0222,12.269612243749787,15.230964248420982,Clean,77.56397553713174,0.8614709333587527,mixed
0223,6.259795894909703,18.617119498857903,Clean,25.210122455643354,2.5694368989823984,mixed
0224,20.403973517529796,14.8153564276207,Clean,61.206101897941174,0.5633614387307602,mixed
0225,16.371727759236865,14.537381394057231,Clean,83.21435401269885,0.8804509830841982,mixed
0226,17.648330223934956,14.237556779398435,Clean,24.394033746587674,0.6057712597233171,mixed
0227,5.615571529448895,15.761873731483025,Clean,41.564346347091,2.8728154135751907,mixed
0228,10.837749420788326,15.337029386290512,Clean,82.64206319917491,2.7708519630728956,mixed
0229,13.303874212330701,19.232063524909087,Clean,79.36444844515043,1.7116973450876798,mixed
0230,3.8953853943756513,11.846987491145194,Clean,42.115938543017606,1.2101043755884884,mixed
0231,17.24556754197316,18.2725204189308,Clean,45.23901584258259,2.8242698166245406,mixed
0232,9.193495318896524,19.098470159490425,Clean,37.314959473573424,0.5957288296142542,mixed
0233,14.88490769539353,16.782288096854796,Clean,34.09957486343265,1.5954220416057594,mixed
0234,8.983662479489857,13.448787677037295,Clean,29.5929076530323,0.5597728834039832,mixed
0235,13.246219462511533,16.98433092372327,Clean,45.7480250751603,0.6005645199106107,mixed
0236,22.53725235410439,14.055479253251805,Clean,31.833268315153568,2.634668620304219,mixed
0237,11.206001567270631,14.138704413208295,Clean,30.28026361727225,1.3456043968554003,mixed
0238,11.072645319987563,11.818197643444636,Clean,41.731887938199364,2.8905762401108617,mixed
0239,24.97506535004162,15.862637185403717,Clean,83.22644648839814,2.86143075065494,mixed
0240,15.542049716990803,15.417843511763982,Clean,80.15362955900784,0.6216635680588005,mixed
0241,23.210467114085862,18.43413733377814,Clean,61.55087340462889,2.562929406595945,mixed
0242,19.62323890542869,15.819145557001942,Clean,64.04931705104605,1.783017557247446,mixed
0243,21.75813227105646,12.107830758143065,Clean,59.12797205486293,2.08471430354655,mixed
0244,6.292729302799768,16.954530927383658,Clean,78.42942707852163,2.578359896203372,mixed
0245,6.417190764834676,16.28645247816326,Clean,49.78714691981239,1.9239829829808228,mixed
0246,17.618150175636003,13.235459884337477,Clean,24.424492646511382,2.3619240744363,mixed
0247,23.71882835637149,18.7604494463152,Clean,53.42110019016716,0.8225153178561466,mixed
0248,24.988985131884213,14.28390787668981,Clean,60.56128283459214,2.0329701722836178,mixed
0249,23.419561634168737,12.558936659921175,Clean,54.564190138783275,1.0900216351874588,mixed
0250,20.916084034765973,16.82932561236257,Clean,48.5073730100433,1.535487969678492,mixed
0251,6.584653058339935,12.374141699343054,Clean,30.052523229344487,0.7091952784132722,mixed
0252,21.967290978959106,12.358865595756836,Clean,47.27966275053291,2.6498965525470215,mixed
0253,17.925322446427394,15.890298465617171,Clean,47.325748108150414,1.7887573872005353,mixed
0254,12.743072375515514,11.738422834461344,Clean,15.213318802388164,0.7577441964967347,mixed
0255,22.35066913378762,11.68215612923196,Clean,44.18471875346985,0.634055484727727,mixed
0256,7.4973443203051895,12.67719846012393,Clean,62.162677381931275,2.713805219076563,mixed
0257,22.666017824165856,13.095669207252723,Clean,44.37120201827217,0.6918041322247863,mixed
0258,6.453821197534301,12.189624483911071,Clean,61.055477751277984,0.8758337766156034,mixed
0259,12.59221725526514,11.67225002126156,Clean,43.12594139498195,2.289852078672154,mixed
0260,3.414424431637951,14.490591851953932,Clean,27.592543463055073,2.9670601413599145,mixed
0261,17.221690464950242,11.993632908613382,Clean,20.179803402138702,1.8652727286697521,mixed
0262,13.531670684313776,12.778301037736856,Clean,46.50286442813,1.0906495276113424,mixed
0263,4.65761566242327,13.843338341204324,Clean,83.86984313665592,1.5730436231717113,mixed
0264,12.937613801032722,19.844083521357213,Clean,39.94483646643634,1.002838313571127,mixed
0265,8.954274864736504,14.338054200071134,Clean,51.557644544135044,1.512104462428168,mixed
0266,20.008243716940335,19.280121927124608,Clean,57.296340138350715,2.846053814024883,mixed
0267,12.122446191180538,12.621235861104726,Clean,22.594414317873287,1.6764483053177353,mixed
0268,5.288528596033215,16.35716130108905,Clean,39.00478623617839,0.7203963020558147,mixed
0269,8.745066056845252,12.3555281650324,Clean,68.20370646621768,0.6598314605706355,mixed
0270,9.142267575995888,10.539763233004724,Clean,60.355638417446585,1.3567353495291972,mixed
0271,18.54850102838688,15.721778813416053,Clean,72.78573705072677,2.3763242032683207,mixed
0272,22.187897875562513,13.566217630076283,Clean,43.67123573170943,1.959736178626224,mixed
0273,11.86993246237017,13.080337784080617,Clean,62.43638624544675,1.640012100636362,mixed
0274,19.033232177383482,13.45824135095184,Clean,70.83962864258046,1.1705881837733731,mixed
0275,12.357676596005788,19.23996262118264,Clean,50.882333230712426,2.081447499994421,mixed
0276,15.96763107108332,14.634207369631422,Clean,21.036540602546193,0.7745551094400369,mixed
0277,5.625587752954339,14.268533619372334,Clean,75.01972941293329,2.9627694909481814,mixed
0278,14.432195179997528,10.50702000943652,Clean,15.741744458477848,2.3228931550693086,mixed
0279,17.620633557513948,15.322219486946084,Clean,16.280000423634075,2.0682640999988826,mixed
0280,9.544503157276374,17.659888025895448,Clean,73.09588888733094,2.232593724344965,mixed
0281,8.130503901345742,10.046161529364412,Clean,19.219777877975936,1.5784156966515812,mixed
0282,24.910564935361084,12.10244995012467,Clean,56.54346902460867,1.1481090685470043,mixed
0283,6.141496627160351,11.50118759981156,Clean,67.5373939102058,1.936792369750056,mixed
0284,16.980715403173996,14.335950168905239,Clean,84.78942524835813,2.8153314981191158,mixed
0285,20.513390240596095,16.877925566086155,Clean,34.00752931940586,2.1309288411332448,mixed
0286,24.17515826419189,19.08112699434431,Clean,73.45043621235665,2.393198746176636,mixed
0287,16.890924195891518,11.106969031633335,Clean,54.20474261720997,1.0409315504596626,mixed
0288,9.335023344195042,15.220495752247839,Clean,40.81188853956682,1.1402934103794367,mixed
0289,13.988361959734725,10.215772070655047,Clean,62.10132355231543,2.1181406741683486,mixed
0290,21.866930287809296,12.643379489059967,Clean,20.796736618813526,2.0296297658402818,mixed
0291,11.157742307258506,17.672161342229476,Clean,38.676138570668954,0.8897224314428529,mixed
0292,15.798016915665198,19.08996524626481,Clean,41.394079023766494,0.8266321437878156,mixed
0293,6.94274559777847,18.615816596161977,Clean,21.76483676606383,2.6403126479528383,mixed
0294,20.875676928037684,17.02916931573452,Clean,77.76992916843335,2.584343542538383,mixed
0295,12.583802693608186,18.046787999785842,Clean,40.812155634575504,1.9947717079729057,mixed
0296,22.54642162393646,15.026928138808382,Clean,19.117799977197983,2.090898559315913,mixed
0297,14.941219508194411,18.145041820855678,Clean,78.13247795556087,0.9998492651027969,mixed
0298,6.209150112037374,12.898425740263573,Clean,62.42620807461836,1.504695324514445,mixed
0299,22.340054339177115,14.724073018635202,Clean,72.9136178930342,0.8166800966660549,mixed
0300,15.4429444770147,15.464575404150033,Clean,28.050296986468325,2.8659269273699794,mixed
0301,22.146381056853166,14.955692500360682,Clean,34.95487821798598,0.7390489977450458,mixed
0302,20.598734488522997,10.041393623436536,Clean,49.31987295641059,2.18534877066396,mixed
0303,11.799009238619956,11.245706663813511,Clean,36.925529163871246,2.3120820003619653,mixed
0304,21.972271650913207,12.202480322428682,Clean,63.11497886798488,1.322860414403031,mixed
0305,16.1173578481227,10.479544826648317,Clean,77.15370930701957,0.8882437446373186,mixed
0306,5.309700826439014,13.19792805460158,Clean,40.19798970113382,2.5759352929306085,mixed
0307,23.232710275340928,13.068538967448182,Clean,50.60365025149453,1.8175876748575346,mixed
0308,5.712445345517204,17.13591410875007,Clean,29.66548990979786,2.6584569133978415,mixed
0309,11.675598713214738,16.945938381000246,Clean,23.171565410176513,2.7288940547851945,mixed
0310,22.21939920092759,10.809311470119326,Clean,54.53052489220997,2.36551735548072,mixed
0311,22.311103067955926,12.395499803836554,Clean,68.64999404094232,1.2939714977916483,mixed
0312,13.127391815614573,19.769065179037973,Clean,80.03724891724504,0.9791999475203246,mixed
0313,7.885258972470072,16.43574518343495,Clean,46.12730962894809,1.7798979397073609,mixed
0314,8.302791695018906,13.218684292505221,Clean,23.051165144792602,2.3435900688041387,mixed
0315,10.547442324738938,13.471731545020681,Clean,43.592445518883494,2.9661989544194864,mixed
0316,11.295695582494467,17.78655884701868,Clean,48.91225769809488,0.8407856388523167,mixed
0317,12.286904302048868,18.9237371110431,Clean,67.78155648036255,0.8622072683970998,mixed
0318,3.1353177990455565,16.640950964346672,Clean,80.78073611194752,1.2502478603415728,mixed
0319,12.316198072625655,16.5026146771906,Clean,40.88404227659242,1.909883897587684,mixed
0320,6.730770191172195,15.162173846207883,Clean,70.11000515367391,2.8489843632300564,mixed
0321,8.452154384542043,11.06996680960259,Clean,29.496941897935393,1.5045271799438924,mixed
0322,19.585314037551715,12.463127149125397,Clean,40.32868000773976,2.7303840720340866,mixed
0323,15.792934102365761,17.773246536060956,Clean,17.706566189387548,2.051542942264436,mixed
0324,3.647978355820593,11.42384590301358,Clean,60.22221629478136,1.291582001929908,mixed
0325,5.71609550390923,16.58282050027806,Clean,74.45896259797797,1.275143358920758,mixed
0326,20.000322398432804,18.49489468949536,Clean,28.02739105766893,1.9341797962601759,mixed
0327,6.537224522380977,16.171751285067735,Clean,18.60931878616451,2.052517618280041,mixed
0328,24.319550142448087,17.163155794516832,Clean,36.42044591781219,1.8681121509441008,mixed
0329,4.223703173299771,15.021383252808798,Clean,45.712337825201864,0.5933432379020691,mixed
0330,3.942663582927935,16.337306527706552,Clean,48.55287790333194,0.7195086053683359,mixed
0331,17.932982432829448,10.67422148290387,Clean,78.65451822706098,1.552242215289225,mixed
0332,23.846206244170677,13.034426054313156,Clean,65.91696689978917,0.5629262432433125,mixed
0333,15.909123535147076,13.45328690338039,Clean,33.05886794570673,0.6482260177245093,mixed
0334,17.447149212711686,13.45731022416659,Clean,69.16965294692918,1.5034223414362133,mixed
0335,24.309000527614067,10.6383498056803,Clean,38.746812037132756,1.2458748354802667,mixed
0336,16.237595614688473,18.988195758902418,Clean,69.11429341003603,0.7767701035778534,mixed
0337,9.454069670311561,19.711354881018966,Clean,68.64546241182877,2.114225939959666,mixed
0338,21.20883927952766,13.482533620251225,Clean,70.98214674947414,2.0250261469621362,mixed
0339,12.324573965716361,15.405977510807666,Clean,42.966342353807846,2.259966385898466,mixed
0340,18.45775052817507,19.18590255641205,Clean,24.172594236581276,2.5221062017278086,mixed
0341,24.227646743571004,17.29250249157637,Clean,54.478711329565016,2.075961096097263,mixed
0342,6.368073335219769,17.705742036904617,Clean,82.17171029929212,2.4334206842744748,mixed
0343,23.398391207110524,16.903745171113506,Clean,20.619626615628572,2.0329112222944414,mixed
0344,15.009141075122598,13.261831945871304,Clean,34.92236299789944,2.4752626979498173,mixed
0345,4.030343169614025,12.849190040031043,Clean,37.89506750441752,1.6664358019441496,mixed
0346,9.859464116596808,15.585786506908693,Clean,22.202735960474996,0.9407612947491446,mixed
0347,23.11287964973268,16.284857877913026,Clean,31.16453047735503,2.1458904284923386,mixed
0348,8.718924878147845,15.869868431555645,Clean,75.60185366100941,2.1211453234074913,mixed
0349,22.759816329994102,10.827661221410498,Clean,68.65496024156242,1.7285226593213838,mixed
0350,13.408116101152403,15.605593980160672,Clean,84.9520517726925,2.0621217366412337,mixed
0351,20.5671860283579,14.16434316154837,Clean,17.297803233303785,1.3622894241871446,mixed
0352,17.662992471407616,17.935511422431343,Clean,55.12854062535861,0.5900568193790263,mixed
0353,15.98566207221155,19.49826042918955,Clean,27.132104898119373,2.091281236755343,mixed
0354,11.360441900752832,19.33546409420137,Clean,41.20180562819657,2.5811237498082065,mixed
0355,3.1353184926902973,19.33491845947946,Clean,62.07508465257295,1.0985395344317466,mixed
0356,24.97145806915903,18.62496601697152,Clean,50.503134393118934,2.6228858178212366,mixed
0357,22.713292936304367,10.031031540369714,Clean,36.334217662571895,2.974488318795334,mixed
0358,8.39334117645363,14.719840300966105,Clean,46.77555756474237,1.3536410509520331,mixed
0359,5.944240103756302,14.350720306781337,Clean,48.42572597265283,0.8237809109420355,mixed
0360,17.77111290437059,19.134329642388547,Clean,26.1976193130824,1.4332940105611427,mixed
0361,22.597783170893976,18.899651845629357,Clean,73.72366484870301,1.9944993868067857,mixed
0362,9.1587993339119,19.539960163251184,Clean,84.98295986890327,2.0437043251719063,mixed
0363,7.677285671897705,18.28666720461747,Clean,60.57339862313227,1.0559320401656722,mixed
0364,3.5878734027328134,19.601864536742028,Clean,58.90063735222486,0.7321843233513915,mixed
0365,22.67983334959442,12.564908961782022,Clean,56.32890498942354,1.949833793902339,mixed
0366,8.071821814067746,13.323620963111972,Clean,69.16064145988538,2.8403804199354585,mixed
0367,20.194951695016737,13.604667879687899,Clean,39.702504362353665,1.7347598706165421,mixed
0368,19.121222407243238,15.81308598510261,Clean,15.749347120851809,1.4501907077069065,mixed
0369,23.224005564357746,18.11481639723282,Clean,49.10456211511464,2.2603745502763655,mixed
0370,18.12479336132393,18.545060784817643,Clean,54.779525603190244,2.520644797187787,mixed
0371,10.808199615480554,18.26113371339353,Clean,42.075551266534745,0.8532874101389585,mixed
0372,19.096641779940242,17.566224105373486,Clean,83.56876528521144,0.6264151048731486,mixed
0373,13.698900643450425,19.03667528447656,Clean,60.0826123134234,2.629332208066082,mixed
0374,11.522819139796125,19.800483029478613,Clean,83.09310785847683,2.1214771835899944,mixed
0375,20.13520193564442,12.402126778328244,Clean,66.30584971013525,2.4918578161309135,mixed
0376,9.953027719454054,19.7265011651504,Clean,40.877892482236874,1.2290162533254438,mixed
0377,16.76165620609089,19.338470508712184,Clean,45.57143848894042,0.9881003735840356,mixed
0378,9.318327484905645,12.553646894032786,Clean,74.1416822532853,0.8906183770621607,mixed
0379,10.444119770373772,13.232449025473473,Clean,56.35637274283837,1.5217452752743097,mixed
0380,9.450884449149058,12.963380334458492,Clean,29.58764115558826,1.9118970605192018,mixed
0381,20.715783940432473,17.074171133428067,Clean,18.54837751810896,2.5555503276805434,mixed
0382,22.71660670733329,13.551620662935324,Clean,45.2261142135181,2.1498457029946856,mixed
0383,24.879453582536904,16.16710768078476,Clean,56.902459730073026,0.5077192935810022,mixed
0384,7.300979985227596,10.298462308724178,Clean,35.588001645847655,2.076444606033844,mixed
0385,8.342714338723825,12.599314671434245,Clean,26.37066396242644,1.9574698048370753,mixed
0386,9.909570638634701,10.060771563507775,Clean,36.69301038198214,2.8220206885621417,mixed
0387,5.121225069190755,18.112530409408777,Clean,46.45566732891166,2.9251335560480105,mixed
0388,19.603357674022632,19.72046053632685,Clean,22.04435062787742,1.588971807062042,mixed
0389,12.815836146454615,16.479663476546207,Clean,80.52436900230549,1.0368965083624586,mixed
0390,3.4357869476982663,10.825006954828584,Clean,55.21934624294784,1.7449519728689948,mixed
0391,3.9301157270005858,10.617472681626671,Clean,60.93188631154115,2.6265556070377194,mixed
0392,22.84348242090986,11.994347506000809,Clean,18.54121008328019,0.8612004937274784,mixed
0393,22.60228342105494,15.416255112511735,Clean,70.72096407873704,1.0239307280918661,mixed
0394,11.830015880209672,12.448705884904214,Clean,61.049724024962465,1.9964082689574578,mixed
0395,3.3033714527222475,10.755230441723922,Clean,48.31964119369442,2.990870900724934,mixed
0396,19.745570745692667,13.34833756761361,Clean,43.73478242039985,0.9412702244147965,mixed
0397,23.081244389607374,17.300564725004914,Clean,84.21413280787186,2.5462358992672343,mixed
0398,5.634370269284487,19.19340920243955,Clean,76.8825521635251,1.9409292589961107,mixed
0399,7.931045522220769,19.350001696867345,Clean,81.8883036374362,1.8530557397313623,mixed
0400,3.794414473857594,10.644951795745358,Clean,31.030183893729422,0.5950306883596599,mixed
0401,13.47865286802751,2.6633777313197715,Moderate,58.02313355664769,0.673102350040826,mixed
0402,7.804548141447047,5.995464957167133,Moderate,28.45768653475861,0.7007691270455536,mixed
0403,22.237906813343358,4.62504760130015,Moderate,77.95159633678756,0.6348344285047156,mixed
0404,23.500144878696727,0.5512946921049899,Moderate,67.11379585064321,1.2593739121958425,mixed
0405,10.524758136183534,8.073418877178701,Moderate,25.500654057884695,1.4110833810049799,mixed
0406,3.5870936306896977,1.4844324595921676,Moderate,82.48611952530321,2.584702168791423,mixed
0407,19.337309169015924,4.434862830983431,Moderate,40.20385314184075,1.0092400753701138,mixed
0408,24.636113941295758,3.974654807603848,Moderate,51.92882991562298,1.775681503374049,mixed
0409,7.694317842083453,1.6442169136587437,Moderate,60.23046266017618,2.9583857542113705,mixed
0410,24.290929242155677,8.4905630796125,Moderate,44.247868885521626,2.9271202610160216,mixed
0411,12.545423411006855,1.9754087358720274,Moderate,66.63128966141713,0.8135633460278751,mixed
0412,24.05025875582591,9.246520927487508,Moderate,61.5606428603865,1.2242780562525946,mixed
0413,9.510818452223617,9.649813101285755,Moderate,59.64894297110641,1.5642952024947765,mixed
0414,3.1540848139568665,3.129142158210436,Moderate,58.84121578139594,1.903483590616859,mixed
0415,5.229991707659163,2.0611229352034357,Moderate,40.73107027784775,1.716433777853536,mixed
0416,11.594913994976174,6.697745325555155,Moderate,58.21331994641227,0.631690895467308,mixed
0417,4.3509501270710125,6.0540612548905495,Moderate,21.756727839471832,0.8685281651912375,mixed
0418,9.269373439090394,9.150996033164903,Moderate,49.303716967980876,2.8956724279887887,mixed
0419,21.133628390255783,8.24023136306838,Moderate,60.455647848684514,1.43414971228181,mixed
0420,12.64350457719081,6.793770354980461,Moderate,73.38712379700269,0.9380424887670955,mixed
0421,23.25547943858936,5.5200870538520785,Moderate,55.232616927497276,1.5508413906409075,mixed
0422,21.625834500745754,4.709941559036507,Moderate,32.76340566253316,2.3411131695372696,mixed
0423,15.320822547422164,5.769847042156404,Moderate,30.040995913081122,2.0711793865699346,mixed
0424,10.955838866638661,2.470665202390838,Moderate,34.589908519434644,2.0807351054361822,mixed
0425,7.010302827583664,4.220867093179015,Moderate,32.705518696065205,1.8350774025471406,mixed
0426,19.223741846630507,5.4466623507125655,Moderate,26.002241722017786,1.9745448604599933,mixed
0427,4.099682984879547,2.2941411226542474,Moderate,53.691268220768016,1.3965654817644042,mixed
0428,14.054204049332082,0.3355056897861397,Moderate,72.81854374560285,1.5497748326455651,mixed
0429,22.253974405421914,7.4774344042821275,Moderate,24.778452742114077,2.411554224021194,mixed
0430,17.59221307445453,0.01091089294861014,Moderate,24.28775710431757,0.7139081284109532,mixed
0431,16.555237889595535,8.402651195709431,Moderate,38.54047424889886,2.5219591068330307,mixed
0432,19.121950720368442,3.4352363362347758,Moderate,32.85214884120181,1.2909099362535452,mixed
0433,3.8056459127307742,2.2071875183147585,Moderate,82.71508172778837,1.0136258039667876,mixed
0434,5.000685810726896,7.104312559611548,Moderate,32.240627885362734,1.3821198301362028,mixed
0435,10.542021160686577,1.5427581232593768,Moderate,44.68991497654427,1.2606613299167821,mixed
0436,4.619710141788774,2.9754782120055645,Moderate,73.2448906924204,0.6544455417875281,mixed
0437,21.989228320062825,7.260522085825588,Moderate,80.18861845292065,1.674286681453185,mixed
0438,11.911084857347369,4.595731708885897,Moderate,70.07511550001567,0.5407402632697945,mixed
0439,22.661617818130257,0.11480997061000142,Moderate,50.28564494516598,1.1147424785891218,mixed
0440,11.692090009277166,3.239114265972445,Moderate,56.206475084234235,0.6856227719723347,mixed
0441,24.572866077444154,4.395072668201545,Moderate,64.97528047167121,1.0112932091133588,mixed
0442,12.037543347029303,4.19616518933275,Moderate,68.68193518017154,2.43370229338124,mixed
0443,15.034364653521832,2.4485449159503645,Moderate,58.37468280710867,2.0887177039082503,mixed
0444,24.009836024079128,6.3188962047736155,Moderate,15.726667318190618,1.8769984742849437,mixed
0445,9.125306044109433,0.7313886731153474,Moderate,32.893093459528515,2.3171736774062004,mixed
0446,18.626170677141495,7.086407661663781,Moderate,65.28480630085977,2.310503730573626,mixed
0447,9.589363149520034,7.835487482558001,Moderate,71.78044101027595,1.50622063426024,mixed
0448,23.994524352274954,9.08615620663436,Moderate,22.914047698032615,2.820861611858279,mixed
0449,9.386235135847437,4.552664943995738,Moderate,81.63086683911224,2.296214424678321,mixed
0450,7.383191676510284,8.541219368282292,Moderate,61.15884295925502,2.667562413779673,mixed
0451,4.7971892706040276,3.048198981031245,Moderate,48.447664837350864,1.6673596814764522,mixed
0452,6.77521623972833,3.793356797004237,Moderate,75.2322153074268,0.7994945584414908,mixed
0453,12.578405884387266,0.9006096780142958,Moderate,77.68718212642828,1.5816190940702946,mixed
0454,3.0009950257587383,0.747335782367643,Moderate,70.44871534345131,1.4632237041240042,mixed
0455,5.6899679868816335,0.7689137030181536,Moderate,50.62617077632,1.1496439096537712,mixed
0456,13.104854967667452,0.33763834724894304,Moderate,81.1376752541331,2.103244461624085,mixed
0457,17.548300552766676,8.861353808053888,Moderate,78.98763869201717,2.9979486960121964,mixed
0458,15.092003856372141,9.266253655301773,Moderate,28.023417916911303,2.3556023269851885,mixed
0459,3.867746069147624,2.1464538029564686,Moderate,21.2176705851289,2.6137045371214813,mixed
0460,7.670000805481381,3.027999921695126,Moderate,74.0330595290751,2.744130113070452,mixed
0461,22.65015912211084,8.515556280765916,Moderate,15.194488720764664,2.2172928077251384,mixed
0462,19.734043210623206,0.9543577396704828,Moderate,16.242549713391455,1.7801027507490987,mixed
0463,5.852277305009804,4.356125630446854,Moderate,78.17854456865112,0.6198033314223166,mixed
0464,21.449941890509283,5.159943315327341,Moderate,45.48733946997203,1.1617069037400083,mixed
0465,21.444626920014237,7.851744337449523,Moderate,48.62393518164508,2.75380577178733,mixed
0466,23.883189288420738,4.407343626903181,Moderate,41.08172007910264,1.09767924843867,mixed
0467,5.683895237517124,8.672164037807754,Moderate,27.37613204092478,2.2666400875083514,mixed
0468,5.765748313812941,3.191396408799746,Moderate,31.01395575431921,2.8349065324670075,mixed
0469,9.8360309601203,5.330765998508847,Moderate,57.76498180301232,2.610374005073276,mixed
0470,23.407334585935473,4.0880590837721,Moderate,70.7559097789264,0.8877412840701409,mixed
0471,8.640757242187467,6.677337683485554,Moderate,75.34989526180024,1.6486335701962622,mixed
0472,18.64539738103537,2.69595887758475,Moderate,37.9434065148437,2.5968020604119237,mixed
0473,14.143573982571946,2.025231505676831,Moderate,71.57643408547014,1.5089856561217603,mixed
0474,19.014761987403418,5.9018537828065405,Moderate,79.38214871672278,1.5522701287365077,mixed
0475,8.433603941799614,0.6667261570366168,Moderate,25.99897211783516,1.5948884473422922,mixed
0476,10.907512664106644,6.301536939481945,Moderate,77.95369618190038,1.269228484836416,mixed
0477,3.3882853601809724,1.213374077993361,Moderate,39.62436726911131,2.825681892712885,mixed
0478,17.36597985748326,1.5325343736745756,Moderate,84.26622431815778,2.489673966515487,mixed
0479,9.338429941414095,0.07347672428116181,Moderate,79.00626075770752,0.547998044164736,mixed
0480,15.480088184959008,0.6415868172378381,Moderate,64.00027617502673,0.7108526236787028,mixed
0481,8.425087468670375,9.088405864140537,Moderate,42.79084592204469,2.555120687724668,mixed
0482,21.508486438075344,7.989785190715559,Moderate,25.454834794468695,1.4756177912845863,mixed
0483,22.068773154729175,0.1062097126432271,Moderate,33.35125071301991,0.7988580063561588,mixed
0484,7.271429845448118,5.313680315580372,Moderate,83.0969190857497,1.9213777115056532,mixed
0485,10.280282222418217,5.887068640986901,Moderate,40.09402689270492,0.570271891246563,mixed
0486,12.089303865450875,1.6435665288112244,Moderate,36.80239521408403,0.8616556619250305,mixed
0487,9.717765979086339,6.0661674736599736,Moderate,37.43762827878597,0.5949721194222675,mixed
0488,24.86942413396075,7.871625959504475,Moderate,66.93188433949325,2.2033117871300263,mixed
0489,9.631296425014652,8.15079528852342,Moderate,60.122002058282696,2.120796497335948,mixed
0490,20.5410471962877,5.2841974461323815,Moderate,48.43184631942667,0.510181202250886,mixed
0491,19.37191157491875,5.766648028342237,Moderate,75.71311955596816,2.8257776498873945,mixed
0492,7.087629546954715,4.854602607536592,Moderate,59.41738261029116,1.6014294241350575,mixed
0493,8.380722681298153,9.508037386402117,Moderate,16.43775960611167,1.6515817858375885,mixed
0494,13.950307104930415,9.805849126556716,Moderate,76.8001353127652,1.8929003079818623,mixed
0495,12.273215087908646,4.810655907810054,Moderate,69.39437890991547,2.4187473554732097,mixed
0496,18.60328694370461,4.36890530805782,Moderate,19.625414244474086,2.4237671103446266,mixed
0497,3.0288596016098985,4.4476044182371925,Moderate,39.460791183350736,1.1887263203090273,mixed
0498,8.824036317076587,3.734731277717956,Moderate,40.4537809530226,2.2927184971873267,mixed
0499,15.364493852655883,9.526416198828061,Moderate,57.274594861341924,1.8459059229413604,mixed
0500,24.530756859199233,9.472593585647855,Moderate,78.1911011815591,0.9990273893713804,mixed
0501,24.244615351480626,8.21700892895769,Moderate,23.643580760964603,2.714318127753276,mixed
0502,24.7870640362292,9.97099504353802,Moderate,75.08300678330886,2.6531819669292696,mixed
0503,10.0112510317598,5.917674113825787,Moderate,37.86173534487705,1.439674216801648,mixed
0504,11.417731768794223,1.280975511812933,Moderate,54.63123845374041,1.380983171590136,mixed
0505,12.770264269931909,9.473868369326059,Moderate,30.23773069201652,1.2625001155813662,mixed
0506,9.178745878209305,0.434653767842772,Moderate,30.087011819993414,2.267956957413064,mixed
0507,19.043714044066085,1.68430666022516,Moderate,68.95522857730256,1.2829952635842183,mixed
0508,6.965464993423228,6.11214540495153,Moderate,45.70960682284739,2.376264652991787,mixed
0509,19.588011535204156,7.406677308932768,Moderate,55.29580650506581,2.760005584273517,mixed
0510,13.719612499959375,2.8499438290796917,Moderate,28.9861200578583,1.9440129740395677,mixed
0511,6.244441673585092,1.9939239451488266,Moderate,80.46126948811369,2.1274971054932807,mixed
0512,5.681445502145112,4.0621910214045815,Moderate,43.601227013793924,0.7206892733199841,mixed
0513,16.328693739650053,2.0516581622890016,Moderate,84.25450043066793,2.982651173187917,mixed
0514,5.839525836350123,6.653401751388504,Moderate,25.814643270828235,2.882538848531648,mixed
0515,12.363149512623531,0.6783704662086765,Moderate,55.038035384272405,1.1050798991297077,mixed
0516,5.122148613334425,6.1823016877009564,Moderate,59.45788582445801,2.4320359944369976,mixed
0517,15.425132558578236,6.155476212792225,Moderate,78.38229346946791,1.439063454946397,mixed
0518,16.04041629874074,1.5439118811565467,Moderate,36.86102773401464,1.0614905385820699,mixed
0519,3.3077867941273302,6.622916993018855,Moderate,35.90900707929735,2.120195137777496,mixed
0520,14.292297559110015,7.052516508204189,Moderate,41.35862927732367,1.1363834523677787,mixed
0521,15.07209741865195,8.02177673935155,Moderate,33.384286731796735,1.0939095075497183,mixed
0522,5.330585754283376,8.334273221618929,Moderate,20.550380325804138,2.584986527733583,mixed
0523,19.37967517916968,8.133639704660794,Moderate,78.15686840697872,2.0458713971644342,mixed
0524,18.7187466968244,4.210225004973511,Moderate,64.6722519930066,1.0705014659376797,mixed
0525,4.108656809720166,2.4550010215307285,Moderate,23.175387961668257,1.4458317119145523,mixed
0526,14.977419354532204,8.65498179091883,Moderate,23.539272851492115,1.0877773647563742,mixed
0527,22.911075904511236,9.23524461075154,Moderate,74.7359999202479,0.9271703789472431,mixed
0528,10.58326947558806,0.05616298486884608,Moderate,65.53577541277497,0.8960659531325903,mixed
0529,21.041640070225405,1.319206287606306,Moderate,26.161639630871075,2.38503306629988,mixed
0530,20.496724273542142,7.8330938505870416,Moderate,57.407504863368516,1.9601542034615809,mixed
0531,15.599161476418637,7.612698588695588,Moderate,52.78255506844319,0.9046422759980748,mixed
0532,16.679865957141676,1.9200990977047783,Moderate,68.2023117837011,1.4882689960297335,mixed
0533,10.639412172069104,0.6426416788267686,Moderate,35.337428696220954,2.4159119327475085,mixed
0534,3.148648855011947,9.861792461513874,Moderate,71.55683492868738,1.8424502646049334,mixed
0535,4.819644122494418,9.750953899510304,Moderate,37.42428255971196,1.41030454575706,mixed
0536,15.815759890803529,2.654955025324781,Moderate,49.93242270437561,1.9337435556416782,mixed
0537,19.689745719745474,2.1429494178339836,Moderate,60.43302791248451,0.604163849194532,mixed
0538,19.956360597441225,0.8591996562210369,Moderate,30.748151594846032,1.7762187037571684,mixed
0539,12.440332047349342,3.769646949294062,Moderate,28.04447183459401,2.5524130161861747,mixed
0540,20.64849630196579,9.72283624410594,Moderate,18.08050414088266,1.4255367719231409,mixed
0541,20.21942194790588,1.2722817323114388,Moderate,34.03821688168475,1.768407975963917,mixed
0542,19.270564178319116,9.834367071310254,Moderate,38.36275461787433,0.5726265837816273,mixed
0543,15.13416026677846,8.486290439183362,Moderate,70.5642313704257,2.818421122378468,mixed
0544,22.963408336250765,4.092715369280712,Moderate,77.80741890066992,1.5363318399543433,mixed
0545,18.356445261324573,3.816194614353683,Moderate,83.4225772868094,2.282833419755791,mixed
0546,14.126497460997122,1.8149424517721957,Moderate,77.03418349200108,1.0596804128328325,mixed
0547,7.31607300186117,5.937409839794714,Moderate,22.756185807750153,1.1258818803745692,mixed
0548,13.19589121718234,8.213746468329415,Moderate,16.106903621470135,2.717718083405312,mixed
0549,17.405947568714634,6.309598565822752,Moderate,24.013581408433303,2.5017235179607455,mixed
0550,23.895289526755302,0.9835187710755944,Moderate,77.18182266791052,2.436302480252671,mixed
0551,3.8667170056502655,1.4065387870737756,Moderate,45.55245431888712,0.8435253729186794,mixed
0552,23.409265445561534,7.071229125200642,Moderate,45.06907820717737,2.799027512488046,mixed
0553,5.949888938934373,9.976192959184898,Moderate,57.169881578569665,1.169199596461974,mixed
0554,17.30846377088774,0.20356177747439919,Moderate,29.457633816168624,0.8973413866401893,mixed
0555,6.9876848125878475,4.914411123984718,Moderate,72.70575677753311,1.1384346365340778,mixed
0556,13.957501695816369,3.030957251362476,Moderate,68.5668621701931,1.571466991362302,mixed
0557,8.433730221178905,6.062264167072997,Moderate,54.90248299103167,0.7668323532433953,mixed
0558,13.131633043931238,2.135972229295524,Moderate,38.84990253579768,1.9681776542804603,mixed
0559,12.95532180588528,4.122399235966299,Moderate,39.35372247805638,0.8621621727234364,mixed
0560,15.73914683546813,6.2423392307041325,Moderate,30.02297815858674,2.893258313295419,mixed
0561,11.602181994945624,3.2031226344158004,Moderate,29.89581257084503,2.7946781414115565,mixed
0562,17.996946775373495,9.694387782434925,Moderate,58.31717432020975,2.771891708893458,mixed
0563,18.427967442324476,2.4456119225439132,Moderate,74.78490448460713,1.9659354057544007,mixed
0564,18.518555580816013,0.2215091653033896,Moderate,17.219313306182595,2.0870622490643056,mixed
0565,22.720041566851428,1.3586856699199534,Moderate,51.9839039234296,2.0954255038119447,mixed
0566,5.232781836775523,1.3016623304915098,Moderate,32.29624859584888,1.452441139092938,mixed
0567,11.054354267831412,4.755745760056484,Moderate,63.13849347903646,1.4310070991441428,mixed
0568,20.643966500161454,9.54460688012794,Moderate,64.87848352301845,1.5587056645366968,mixed
0569,18.021092114670694,1.0820345669189024,Moderate,32.58953316652017,1.4205002945377363,mixed
0570,21.407236325154933,0.9361111054611848,Moderate,83.25638125964367,2.1435347278765144,mixed
0571,4.394636283377166,8.33060773784265,Moderate,30.16127750530053,1.4347366897532805,mixed
0572,3.1329131965655597,1.6645170855964286,Moderate,78.85813621146717,2.381722507934621,mixed
0573,5.477739814673545,1.5778043819800103,Moderate,37.31515695383023,0.7563130011737422,mixed
0574,3.901708728847744,7.797902888242152,Moderate,56.479621918676635,0.6459286024653722,mixed
0575,19.83544676184499,6.651273490854121,Moderate,58.740564842890166,1.5159137018558118,mixed
0576,12.413524913597815,6.115155457284728,Moderate,84.18329377738813,2.0097876228707037,mixed
0577,22.21071162271032,9.166541714000967,Moderate,63.40759101861712,1.1818093698705998,mixed
0578,16.637084205836345,3.5510748398438805,Moderate,74.55878474037269,2.828047529253923,mixed
0579,4.014388898289939,8.652164337274941,Moderate,65.44092111443581,2.877639670847571,mixed
0580,14.632680144296815,8.320549194189002,Moderate,44.840176548995174,2.1824378522449237,mixed
0581,11.443934252653154,6.499635248615894,Moderate,69.49917866707933,1.3573141357305492,mixed
0582,17.29967562277494,4.471899068231932,Moderate,75.73592610362407,0.9262765718472485,mixed
0583,10.585998016917552,8.000358497834405,Moderate,43.98263800429977,1.3045963277280646,mixed
0584,3.6427206634997438,8.983116386352599,Moderate,20.639116938458976,2.739696123840992,mixed
0585,4.274404267646671,0.21629059415229523,Moderate,80.3061271719068,2.6037165546225682,mixed
0586,24.328369915345725,4.107380366694976,Moderate,41.135012395135725,2.14696377428539,mixed
0587,24.90045379168521,0.051993312672610204,Moderate,41.737813345586716,1.74618216038315,mixed
0588,14.928706610691414,0.19010795848146245,Moderate,29.8561781316463,2.5776883952485496,mixed
0589,17.98974043972422,5.420718580986663,Moderate,26.011716897044444,2.8774754660192214,mixed
0590,20.56860522724071,5.319851428511702,Moderate,56.936916023987,2.8403466856951107,mixed
0591,22.428195042746772,5.596802744984065,Moderate,50.19208651116106,1.2306669801832766,mixed
0592,11.396071103210486,1.1814424572596105,Moderate,79.70661315852969,2.550633969833025,mixed
0593,13.75781532324402,8.8870162528233,Moderate,30.405002250846316,0.9914715161196054,mixed
0594,12.807777753781748,0.5766719170179646,Moderate,43.079626372933255,2.1090650593593994,mixed
0595,20.558432739515375,1.7930614675931722,Moderate,16.420060318025524,2.8992652876569625,mixed
0596,18.968489204759457,2.95687939674525,Moderate,63.84621812971153,2.094185221028187,mixed
0597,19.471553956983943,0.7226992490312278,Moderate,68.73363812630181,2.356128443339451,mixed
0598,21.923981824286034,3.4672781158454615,Moderate,61.343181641679735,0.604346801855128,mixed
0599,19.340150700563672,9.392273096145,Moderate,38.95410986436367,2.0148193608668876,mixed
0600,12.03101296452265,5.950440484474585,Moderate,29.393269436173533,1.8456546422210591,mixed
0601,14.532377300316076,-5.190856040555611,Noisy,39.04254179259234,1.0468438809619238,mixed
0602,11.810832264148594,-6.370033495269377,Noisy,22.877184519954312,1.3934212404643445,mixed
0603,5.473383665675076,-1.888317534332515,Noisy,66.4889030429647,1.1402346612756982,mixed
0604,12.300626324589754,-7.938175686023041,Noisy,21.168705595434467,0.7387058297670708,mixed
0605,6.697587695728987,-2.497037233295895,Noisy,48.838997173831935,1.3367226237703131,mixed
0606,15.54111145286007,-0.43634763023143996,Noisy,15.74027823281091,1.7816331802599301,mixed
0607,12.21305486501065,-2.0520278971337005,Noisy,27.519217857749332,1.7719973184926792,mixed
0608,11.826937744350088,-8.929565719137694,Noisy,71.33060537034841,2.8499836656341615,mixed
0609,15.153113305568073,-7.265435069059515,Noisy,81.29948630444733,2.846968272111779,mixed
0610,10.66679558729431,-7.803176976711867,Noisy,82.05705660413156,0.5278537291723108,mixed
0611,21.04462517913504,-4.625100574666967,Noisy,67.9026596173484,1.6134780032049527,mixed
0612,11.687633463881928,-9.193440716474303,Noisy,40.91951582463764,2.19213897056745,mixed
0613,14.162253075957802,-6.87885091645653,Noisy,33.359110463953535,1.9294587542714479,mixed
0614,19.905679565023807,-8.731147299551495,Noisy,82.17039937295466,1.3583089447784955,mixed
0615,17.25514948027207,-0.7663300813459557,Noisy,74.74492043646435,2.017272131716343,mixed
0616,24.67123917714902,-1.3112941482496545,Noisy,59.503018279646284,2.3303259073073956,mixed
0617,17.48841182432794,-0.13530939658583563,Noisy,48.979964265509935,0.5489899748273128,mixed
0618,15.395139032144346,-0.9551308121885622,Noisy,44.36672928747187,0.6765413170401178,mixed
0619,7.0228024421497,-6.451086212453817,Noisy,55.42273775963497,2.9987411286146974,mixed
0620,19.441614277096384,-9.549337371422387,Noisy,84.57046520734718,0.6024760638057656,mixed
0621,19.82399743761761,-3.2627717179892723,Noisy,40.83247119983888,2.6237703569910833,mixed
0622,20.389265881008292,-5.39000011218967,Noisy,44.679741008910625,0.7405538112204325,mixed
0623,5.662258078630112,-2.936008166575707,Noisy,21.787531824153863,2.6879447653756485,mixed
0624,18.36159217983888,-4.732727914496202,Noisy,30.71678832951153,1.1694484317384122,mixed
0625,14.860029645986932,-5.271046144394922,Noisy,75.44765690619965,2.752655565516291,mixed
0626,14.501696094928306,-1.5869077787203292,Noisy,47.556567172648265,2.669010905823514,mixed
0627,16.440812326422108,-9.539572094531522,Noisy,31.966588430557717,0.580921595166778,mixed
0628,20.074482959145868,-1.1404317354593214,Noisy,50.61310083978117,1.3263445154773217,mixed
0629,5.062522774366224,-5.842228655636394,Noisy,34.20357073896223,0.8830906545696994,mixed
0630,18.75745878891419,-8.928168810580068,Noisy,55.53757407858014,1.7733105991871372,mixed
0631,22.47971241588789,-1.0991980147001659,Noisy,22.60318055573743,1.1129637664056005,mixed
0632,9.433758842205927,-0.7372715207946285,Noisy,59.42756256822881,2.2721820187899837,mixed
0633,24.96121147840801,-2.83182770611936,Noisy,34.66104300829535,2.0816439684382333,mixed
0634,4.168636443798913,-7.775833321959066,Noisy,70.5346521497208,1.6733288464564948,mixed
0635,19.304700728822972,-7.559853348200019,Noisy,43.9128026001669,1.0299972611805328,mixed
0636,5.693301461972446,-0.6726383343918361,Noisy,64.33845714646647,0.6555193900610365,mixed
0637,17.74486026294568,-0.6628981373514691,Noisy,28.53461684096692,1.7415910627885252,mixed
0638,11.769183726889079,-6.605973213540512,Noisy,18.473796219808367,1.423822106595957,mixed
0639,8.335210614635393,-5.777824642605164,Noisy,50.174672138987624,2.8770640841192368,mixed
0640,5.718194954087504,-8.798199019802407,Noisy,49.02936766231232,0.5544343655080439,mixed
0641,11.056957610316921,-3.14859294449871,Noisy,41.933296374688794,2.401167699592785,mixed
0642,9.63178565436317,-5.413870351134717,Noisy,59.08883470773245,0.5472530321630926,mixed
0643,17.142662036207767,-2.302110030089098,Noisy,78.57854529404497,1.6482359164071574,mixed
0644,4.692901362361562,-4.701386088017813,Noisy,69.3050787417109,0.7046117989918467,mixed
0645,16.193108816737375,-8.324412460102197,Noisy,52.609970574680524,0.7217939777050879,mixed
0646,23.092890052454212,-3.6128872485922354,Noisy,83.40529465004248,2.3311349775413577,mixed
0647,7.131292380247238,-7.010027248779335,Noisy,52.79662130195407,1.0914925257108614,mixed
0648,8.053747563126805,-5.621855571418695,Noisy,26.012524828666685,1.6000691390325197,mixed
0649,24.057694387581837,-8.518278769940133,Noisy,18.034953736517384,1.2256792162615875,mixed
0650,7.390883447547708,-4.708741522847147,Noisy,64.31728027556453,2.714647288659188,mixed
0651,21.09588795119206,-6.316201872510959,Noisy,48.55671219177702,1.2775799453477494,mixed
0652,7.431606191272978,-5.029663657932372,Noisy,53.796869540637246,0.705084175112483,mixed
0653,12.50584567451765,-8.672977407814159,Noisy,50.722753170708856,0.6967970027284303,mixed
0654,4.6919498177982675,-9.292037256571398,Noisy,81.10755018564224,1.881492284897071,mixed
0655,8.572340922314954,-9.56061644932923,Noisy,73.15301563172012,1.6745468566455872,mixed
0656,21.14858986592782,-9.655893135636193,Noisy,23.216498706956834,2.1828067402505194,mixed
0657,11.330675771855978,-9.248279889617418,Noisy,65.73186653731018,2.116256552793927,mixed
0658,9.051059833232511,-6.717935297361734,Noisy,74.35114742363032,0.5395786714560289,mixed
0659,18.352942223341188,-4.723912337262571,Noisy,64.20759633367842,0.7059134065244883,mixed
0660,16.89927805283272,-2.100115118260798,Noisy,83.71330190593642,1.6299139094607737,mixed
0661,7.356438122889596,-8.840121011009987,Noisy,60.43411715511799,1.1602240963658645,mixed
0662,16.809318908612926,-4.664282365766067,Noisy,20.809180232770764,0.7289546770310238,mixed
0663,19.921207595194574,-6.439999849764782,Noisy,83.61551878187832,2.5712885002108026,mixed
0664,10.642231366197095,-4.427054155654886,Noisy,49.46596753233876,1.163776603145358,mixed
0665,11.660234747207795,-5.114497792591538,Noisy,37.74430241223121,1.463660189594826,mixed
0666,7.448310063470597,-7.126418628779113,Noisy,81.88977092657694,2.6697095731869838,mixed
0667,15.485147213074068,-9.360176190598638,Noisy,64.47780046557955,1.9176784267420885,mixed
0668,24.969532790287822,-8.098448375413723,Noisy,26.076788814097185,2.215433829042731,mixed
0669,13.259068665911517,-0.3331699114629636,Noisy,76.61379068480562,2.0436459129492928,mixed
0670,7.153020953458965,-5.36289244429644,Noisy,70.71098666621202,2.689090075383537,mixed
0671,16.18089710810048,-2.1869740399740136,Noisy,43.21371166792259,2.2654515095127445,mixed
0672,20.191283038862764,-7.275090269717245,Noisy,56.021828451504604,2.0194951757196047,mixed
0673,16.296166863204533,-6.263195255812912,Noisy,82.31098727645089,2.8501013210570108,mixed
0674,17.784539702500282,-8.00896419849854,Noisy,52.549026555583005,1.9625775289108747,mixed
0675,14.935623595163477,-3.0314605186972132,Noisy,37.27021992554712,1.111045020990356,mixed
0676,18.765375670135573,-7.208166204501422,Noisy,52.197184993276736,1.6278417481869867,mixed
0677,7.721406450504187,-4.44183231422117,Noisy,36.81078649897369,1.2821180000002415,mixed
0678,17.270385379127564,-1.0655056485200571,Noisy,56.090256333394166,2.706045150980614,mixed
0679,5.096537168158743,-2.3093789841567913,Noisy,30.891081548268218,2.4075980538685564,mixed
0680,21.853184811905884,-8.662601619210522,Noisy,48.196974971679616,1.9231868850256855,mixed
0681,8.434240391802783,-7.705713574629494,Noisy,46.475421644303715,2.912603919810804,mixed
0682,7.3226723879642535,-6.3061338706542625,Noisy,36.935564102216624,1.350530639677801,mixed
0683,6.312470987446602,-4.656369664623153,Noisy,37.86603284575057,1.0029667458793041,mixed
0684,20.256090329844817,-7.324722359634585,Noisy,78.95585505391972,2.036506799970713,mixed
0685,14.243986136534042,-3.1118138285995354,Noisy,26.504860864723568,1.1765533736335283,mixed
0686,16.424087481813032,-5.7452543869266925,Noisy,45.922545118340274,2.7917703308379513,mixed
0687,21.97131385379886,-7.9691194629902515,Noisy,76.39079012366611,2.5483382919488062,mixed
0688,17.397614425730037,-7.40404189906021,Noisy,55.62068654526288,0.8769996672290882,mixed
0689,22.75704737642126,-1.455513525938951,Noisy,31.844602606428534,1.038773768336547,mixed
0690,24.351155651892615,-6.66233013949356,Noisy,23.316123092445146,2.157823753181394,mixed
0691,4.891080963297108,-2.509498932271934,Noisy,81.5063979628826,1.0157122279714257,mixed
0692,15.805647999969427,-0.2636809191749627,Noisy,16.717753682842552,1.7378974393693165,mixed
0693,7.535339030692315,-6.22830710961558,Noisy,65.92816237661324,2.369107535709765,mixed
0694,7.590900330957509,-1.8869899452759604,Noisy,82.59432614090156,1.3139456488552508,mixed
0695,15.797906475926013,-9.845419649789758,Noisy,26.086472494270406,2.7706043585885234,mixed
0696,19.771342312986718,-2.506088047781912,Noisy,27.059497109747607,2.883614457997922,mixed
0697,13.944754081475615,-4.999318578227758,Noisy,16.826806720717123,0.6926777041249563,mixed
0698,7.8640415048355345,-6.692970595692938,Noisy,80.96066157496136,2.7003023872850243,mixed
0699,10.424262303661173,-3.668351074592282,Noisy,35.32471974709823,2.7891312289577677,mixed
0700,19.789710623012883,-3.1619420987790363,Noisy,67.29765594515182,2.8246292673933966,mixed
0701,5.383277116123635,-6.425534608761191,Noisy,84.11662935238772,1.7187620689276022,mixed
0702,16.536028879322416,-9.997653226860153,Noisy,26.611342430557883,0.9374248787101592,mixed
0703,9.930459961974798,-4.38615175737458,Noisy,84.57683969475036,1.235447056347389,mixed
0704,8.119531469186938,-3.7297724663187584,Noisy,62.36905607546541,1.988899718247922,mixed
0705,19.82193973711609,-9.84163201221958,Noisy,75.14058562678306,0.5096934489931935,mixed
0706,9.882403403067215,-1.1248492046541987,Noisy,37.53703478962487,1.3728986311952125,mixed
0707,5.840002709455995,-8.506970429172426,Noisy,84.1914893522735,1.0912666451823758,mixed
0708,3.7522461130620135,-4.693399593793971,Noisy,61.688186431221744,1.9635438068754045,mixed
0709,5.711829940590344,-3.7610214434103177,Noisy,51.32163606095787,1.6322378058123215,mixed
0710,6.578735743955186,-0.7925942636326155,Noisy,39.74014545459241,0.8159405397562359,mixed
0711,14.41315172664621,-3.398408742710817,Noisy,59.781267470631754,2.6628383975898315,mixed
0712,10.124437490454861,-2.8013678450547754,Noisy,64.95006615639463,1.9802100315007527,mixed
0713,18.537413168112927,-3.1870605973796824,Noisy,20.32743316325746,0.6921978725402997,mixed
0714,13.271944512482314,-5.213931604870718,Noisy,50.22677182913855,1.173929577654839,mixed
0715,17.676608376625417,-4.550703425319519,Noisy,57.63141070688703,2.522098791577721,mixed
0716,22.044835122408983,-0.7011738646762034,Noisy,53.73503017808622,1.9006930064219012,mixed
0717,10.610757364741122,-1.5517855121356448,Noisy,27.314630401720557,2.000102701515269,mixed
0718,5.952913890631727,-2.704040516088174,Noisy,44.51152049333417,2.9683803831185496,mixed
0719,12.203305056748487,-4.577242702184826,Noisy,42.471507051120206,2.6589879600481763,mixed
0720,15.307214446609725,-0.8389731053211964,Noisy,17.17826291906193,0.5294227514019976,mixed
0721,12.874878614206414,-7.702397967912126,Noisy,74.95878011368839,2.621471552515788,mixed
0722,14.264789975620412,-7.981599934235635,Noisy,74.93820479098054,0.599285603745819,mixed
0723,15.292182382680812,-5.44497317402473,Noisy,72.95368240386873,0.8725774800396295,mixed
0724,17.257201874260645,-1.8575268591969305,Noisy,63.537781684187394,2.75006382870613,mixed
0725,14.627485379699285,-1.6637090383787836,Noisy,16.60225117869031,1.6325866450191768,mixed
0726,3.9295708240487697,-1.3439699752886867,Noisy,20.67281570842475,1.6536815861819045,mixed
0727,11.496618888168737,-3.1912451882912,Noisy,28.717691320911573,2.115294297210999,mixed
0728,15.83995954667233,-9.427245215698253,Noisy,30.063172835650416,0.7383265134768078,mixed
0729,22.8550979895153,-1.957587246908556,Noisy,54.824403517500066,1.1640725079336376,mixed
0730,15.03756938731582,-7.301855437870507,Noisy,65.9387619878182,0.5929792428875309,mixed
0731,5.572303628676467,-6.3446265471992715,Noisy,68.59663260882571,2.2839218907559946,mixed
0732,11.126913613008302,-2.4334946760958855,Noisy,49.881883478022374,1.7044991382708576,mixed
0733,9.713645992670436,-1.9429922848484544,Noisy,69.83652620412455,0.5311432905803135,mixed
0734,11.056771645507833,-9.685678946442897,Noisy,44.02002310670714,2.0989940571850827,mixed
0735,9.75620334934336,-0.06745667031307256,Noisy,25.056637673848144,1.697276584103662,mixed
0736,14.912482258448971,-9.44044183313141,Noisy,75.99966120538919,1.0577799555695864,mixed
0737,17.852583739984347,-8.040824330706645,Noisy,74.10913897463844,1.924036562285937,mixed
0738,13.800816665408567,-8.330409807729353,Noisy,84.08414009823511,1.158615284104958,mixed
0739,14.366225531386405,-5.130485797115652,Noisy,52.13703907445568,2.440281776062034,mixed
0740,10.509824865818306,-3.110254885027671,Noisy,18.09308061415762,1.5392889277209285,mixed
0741,20.753794716048493,-6.512477224837388,Noisy,23.62063424721012,2.7934358488172286,mixed
0742,14.45854647691912,-5.697872468095456,Noisy,33.808992085995946,0.7091878681018267,mixed
0743,22.708852221523056,-5.381325363032545,Noisy,44.01502268877249,2.9319179265677606,mixed
0744,4.578753338388973,-0.14016594298896656,Noisy,49.39980532341052,1.680096875868477,mixed
0745,19.746646947054305,-2.1125228170460577,Noisy,82.1918217593844,0.8291689477157436,mixed
0746,15.255300109800444,-0.5514052271641816,Noisy,53.89284630949499,2.900701949044294,mixed
0747,14.070719459181658,-9.628511729068956,Noisy,75.62770330967554,2.694014769153597,mixed
0748,4.514667237405277,-4.082628719709259,Noisy,66.1544680132192,2.978152247811685,mixed
0749,12.797116046945348,-4.9908373437396145,Noisy,26.10114081723561,1.4839111511742322,mixed
0750,15.472257905420248,-7.589152971146435,Noisy,21.392544316111888,1.22471549723796,mixed
0751,24.644752833777236,-4.59901756525446,Noisy,45.40435612113127,2.2923139174480256,mixed
0752,3.776453815307822,-3.154980825354608,Noisy,31.109902705397044,1.9115528876512422,mixed
0753,17.971675107348815,-9.314865684800836,Noisy,81.67253779960102,0.8067170056787536,mixed
0754,10.80713513204432,-6.302753450926264,Noisy,59.70770153058946,0.8248053490664954,mixed
0755,5.9279492823684645,-0.3302344111380293,Noisy,51.686265719125025,2.2245648227104353,mixed
0756,19.985640241679448,-1.7562339441539159,Noisy,82.52513767976404,1.2161467827387538,mixed
0757,23.67635117090712,-8.967892401972762,Noisy,46.916155922540455,1.7813788898412493,mixed
0758,19.951574886474212,-9.542329956994324,Noisy,58.46662613193146,0.5527668143510951,mixed
0759,21.153332247866018,-8.045961129519622,Noisy,17.946893385102605,2.992231093589308,mixed
0760,22.091625723356056,-6.985594785546223,Noisy,79.20389397839384,2.707225078908079,mixed
0761,14.845162378976019,-8.977483219403306,Noisy,61.37208471764287,1.5665107149592978,mixed
0762,7.858445857956539,-5.431525965749393,Noisy,33.02450052025966,2.8265086419611096,mixed
0763,18.734705403316287,-8.298919212897514,Noisy,75.6864073542083,2.042793349943153,mixed
0764,12.16261342768663,-7.064498774400635,Noisy,78.95241012701037,1.4639123158373564,mixed
0765,18.127833311158252,-3.2795275660221934,Noisy,54.67318477541332,1.275252902801697,mixed
0766,12.45667596031497,-8.174894726025911,Noisy,36.798549548690275,2.4178485856129415,mixed
0767,3.6755640467189012,-7.347547856576608,Noisy,80.60587648099853,2.717551379198554,mixed
0768,4.179799530306393,-8.439516699779777,Noisy,71.95436258144485,2.451737739846651,mixed
0769,19.495631199588896,-7.034510906136592,Noisy,26.124830815579394,1.7537725065526915,mixed
0770,12.7376442930652,-3.6598915093873075,Noisy,30.045623170857787,1.000556554070789,mixed
0771,13.043128281414706,-3.147831150601787,Noisy,61.20474818341668,1.2450390794307735,mixed
0772,17.279174358119324,-0.0873833477624153,Noisy,84.00645657933859,1.5237278893506225,mixed
0773,13.665621933414442,-8.299506831111504,Noisy,53.66237465240188,1.8788486120290093,mixed
0774,13.86159383724085,-6.10928087876932,Noisy,62.33448277596705,2.016637932667467,mixed
0775,11.211687021873626,-9.18684575223833,Noisy,71.51173810432444,2.606187089249428,mixed
0776,17.300062749995355,-3.2624446077933698,Noisy,26.540288821000576,2.038238921558894,mixed
0777,24.8752909585014,-5.864480168752994,Noisy,67.37836096843219,1.9045688139874566,mixed
0778,13.737956486319922,-6.092054427589973,Noisy,48.046918573965904,0.6778747651663712,mixed
0779,17.63973386945174,-5.095845480383452,Noisy,15.52328927158037,2.0273876565162814,mixed
0780,13.621004820062254,-3.4569440196337267,Noisy,40.75845322262754,1.8789110937922473,mixed
0781,12.195918364285143,-8.551935031826543,Noisy,50.89165474923387,1.4263906654809893,mixed
0782,16.763767604344388,-7.398379850031178,Noisy,39.313680817389745,1.0561652178482912,mixed
0783,11.580223608018143,-1.0004168246770675,Noisy,52.74122840733524,1.1648352629076704,mixed
0784,14.384227917795261,-8.631122470295999,Noisy,74.09698436852507,0.6901776470470445,mixed
0785,13.498408422071677,-0.762379021442257,Noisy,32.74214084055755,2.5749588168124857,mixed
0786,12.793151078531839,-7.232754120077019,Noisy,80.83239570894982,2.0510890444433976,mixed
0787,15.870704428939241,-5.955437296590771,Noisy,25.317382563234624,2.0268396679157066,mixed
0788,9.059188114490087,-2.306803036995837,Noisy,50.76226227629637,1.0333412132028994,mixed
0789,17.904965557580454,-0.25345444029401065,Noisy,34.638135217859016,1.638808515156472,mixed
0790,3.515474976014093,-1.4919386940657926,Noisy,20.985008686107868,1.2024755092676525,mixed
0791,24.984945849976135,-4.04425843535452,Noisy,32.05843866349474,1.6929265741158792,mixed
0792,24.202356716753883,-4.869146316490816,Noisy,38.60702415847496,2.8674219734606385,mixed
0793,21.7805092020028,-8.54689975754486,Noisy,76.76701756465678,2.930636025684421,mixed
0794,11.942902775705905,-6.691917813925123,Noisy,32.06164413538065,2.3171495103975057,mixed
0795,8.000741951211593,-2.1611881325297677,Noisy,69.74061861732878,2.2428445335575917,mixed
0796,14.351514426629832,-3.815182452774777,Noisy,74.45329006540979,1.1291531908766148,mixed
0797,7.1733986959440275,-8.795386762049636,Noisy,50.83358200356637,1.6830186687076387,mixed
0798,14.74876632732718,-6.6029966787031675,Noisy,70.21862772345307,1.8248094882601338,mixed
0799,23.701789343565164,-7.520902705361704,Noisy,46.28038420213752,1.8990949805701327,mixed
0800,21.161958175843797,-4.5667529313541735,Noisy,72.68765958808078,2.444634876570918,mixed
0801,16.68325457022614,-11.702998516144117,Very Noisy,16.35657086874811,0.7769664172511332,glitch
0802,5.051977866405695,-13.855475982281277,Very Noisy,77.51525685297909,1.6918513207805086,glitch
0803,20.623165507461586,-18.277071784092627,Very Noisy,29.311525959178866,2.7698118753163365,glitch
0804,13.973163839278527,-11.032073461022938,Very Noisy,55.637383681371524,1.0225620101432398,glitch
0805,15.41295599140889,-14.675737794251644,Very Noisy,50.12278867595012,2.254485802523824,glitch
0806,9.294480359065176,-11.36371437537283,Very Noisy,38.439979865162016,0.9687732812649001,glitch
0807,13.212513663408906,-10.437868781677395,Very Noisy,59.82706213790048,1.5687617609692417,glitch
0808,15.94089325500645,-17.3169522614765,Very Noisy,53.05833539471975,0.6608784642420016,glitch
0809,9.079578691531086,-13.054412795666108,Very Noisy,55.90109299731085,2.5722392428421035,glitch
0810,3.6319875916480138,-10.669772261113106,Very Noisy,26.147005771987196,1.3379040939705358,glitch
0811,23.24245011399608,-15.517452702876483,Very Noisy,28.19397051574444,2.766488595758169,glitch
0812,3.390371839143618,-12.977927060222552,Very Noisy,39.32880329999672,1.997951632397522,glitch
0813,5.762277873353017,-18.39265189113136,Very Noisy,42.887850509028056,0.6849170537598654,glitch
0814,6.723289111693085,-19.439194991029236,Very Noisy,42.59203822336514,1.4712740417156593,glitch
0815,16.983581712441193,-13.063942212417079,Very Noisy,61.886604676000964,2.766991546689168,glitch
0816,17.311835724172738,-11.965245899179562,Very Noisy,37.184842121863184,2.506156294267426,glitch
0817,13.56988319973808,-17.667592822583092,Very Noisy,34.449680215218955,0.9417609099688563,glitch
0818,12.200795751112327,-13.66912793315837,Very Noisy,72.74274629465862,0.7368233374865247,glitch
0819,5.377433837184846,-19.51507923820487,Very Noisy,59.48500804854091,1.1583019939584691,glitch
0820,24.817417035879437,-15.943597478632894,Very Noisy,82.07233567193315,2.81794385988423,glitch
0821,11.341278922848543,-17.314424674803423,Very Noisy,64.5409892305284,2.646036778226419,glitch
0822,10.22018807380151,-12.984784731812718,Very Noisy,33.38640594621812,1.0676831398645676,glitch
0823,14.8882303946703,-18.523134893560034,Very Noisy,27.27472969061873,0.5865113487713356,glitch
0824,17.197921426695416,-14.839994257004307,Very Noisy,51.469157365683074,1.7897288382006917,glitch
0825,11.510794926641125,-14.867132087281528,Very Noisy,77.37464450705713,2.405968194268037,glitch
0826,15.211290330478858,-16.74125973433773,Very Noisy,25.22576133431542,0.8692564375261881,glitch
0827,4.765504834526814,-19.82357436926901,Very Noisy,19.365369323511185,1.423877163000029,glitch
0828,4.4636869851518926,-13.23159349026844,Very Noisy,53.08202717342754,2.4293304910380296,glitch
0829,22.95189214529708,-18.558781774437197,Very Noisy,33.925473525384206,2.7992497321544016,glitch
0830,11.005643762256064,-14.972603481488846,Very Noisy,50.21915234212262,2.4871410363564266,glitch
0831,23.556592858839984,-14.085733633882406,Very Noisy,67.18168369208685,1.5018398675902696,glitch
0832,19.02616236003462,-19.45620825662108,Very Noisy,19.302408713116485,1.1154726577724743,glitch
0833,20.594882818420665,-12.650419244121782,Very Noisy,15.085844601744046,1.0051622430697746,glitch
0834,7.387653930822849,-15.333086706070578,Very Noisy,22.577186887208512,0.9785551751380144,glitch
0835,16.104003811828207,-19.7094743807562,Very Noisy,34.767521212385184,2.0381967951660656,glitch
0836,14.897525534166178,-11.214679120033692,Very Noisy,70.19941438132653,1.725408359976918,glitch
0837,24.219785787045968,-11.891777296365696,Very Noisy,66.59157214695611,0.6871458536515993,glitch
0838,22.677127364086274,-15.986044652916348,Very Noisy,19.012836243636475,1.5986103663937605,glitch
0839,10.2003749649978,-12.449148415306738,Very Noisy,17.639910383459522,2.5032332757916236,glitch
0840,8.997655671283198,-10.403728416227219,Very Noisy,62.62768980197021,1.8519660890537777,glitch
0841,9.349347050932113,-18.329547994017418,Very Noisy,18.355787060595716,1.9330516297576161,glitch
0842,8.677324113412443,-12.629130407096735,Very Noisy,74.0748246192139,1.4092955301966754,glitch
0843,7.21422780038561,-10.442608409318355,Very Noisy,43.26913320193738,2.762876408830671,glitch
0844,3.060707689587285,-17.46807788511251,Very Noisy,82.92237545341904,1.0823413657979977,glitch
0845,23.222757698156563,-15.91059707954954,Very Noisy,82.09822332606645,2.7001798564085293,glitch
0846,13.643525985690324,-16.588385150759564,Very Noisy,54.05378486535881,1.3985765906171148,glitch
0847,22.49246043949564,-15.266967530371883,Very Noisy,16.023345761173246,2.689707684335746,glitch
0848,10.67540293583708,-16.55905643654384,Very Noisy,34.27682384628565,0.6757393868777832,glitch
0849,21.41404644742087,-12.31564312548829,Very Noisy,50.05808286882052,1.839655021344214,glitch
0850,4.978135647895689,-13.837798223657657,Very Noisy,22.86198866933994,0.7739032383353002,glitch
0851,16.963977553646092,-19.418706523914665,Very Noisy,65.0043207151023,2.8173380696992076,glitch
0852,14.379659070650085,-10.132778838810804,Very Noisy,78.0065712653813,1.4853983701104416,glitch
0853,18.671394731290697,-13.914152361619408,Very Noisy,40.58526445584892,0.8543727450471124,glitch
0854,23.304091406148537,-10.23742290106146,Very Noisy,26.005783898588447,2.4064265379914813,glitch
0855,19.966636423041752,-14.130541861213771,Very Noisy,76.33726755219988,2.9027984947613614,glitch
0856,8.14050204672506,-16.01717566180396,Very Noisy,39.48755582633795,1.1369263049694138,glitch
0857,13.765703362343952,-17.268535098608176,Very Noisy,69.36564540671876,2.358384435560187,glitch
0858,15.89888465767389,-18.181232138431227,Very Noisy,69.7734933942105,1.0130656969933294,glitch
0859,19.592586512614105,-15.60892817842417,Very Noisy,37.51699048191102,1.1509864476383926,glitch
0860,15.54293817195121,-14.890473313179921,Very Noisy,25.120501536846398,1.882517694840549,glitch
0861,19.01287468989647,-10.440406098633158,Very Noisy,55.00664845508741,2.269898282002628,glitch
0862,5.713218506143778,-15.982813429066926,Very Noisy,35.220408244881924,2.3067014936730423,glitch
0863,9.502054546937476,-19.16470483045285,Very Noisy,78.60595909473558,1.8124564235843152,glitch
0864,9.092171642786415,-12.613596167142799,Very Noisy,75.26500701467094,0.798438785249035,glitch
0865,8.892667831982077,-15.523284200457905,Very Noisy,38.433855636806705,0.5470888576453619,glitch
0866,4.768424267630444,-13.66518525829575,Very Noisy,20.96038164624188,2.9924027232959625,glitch
0867,22.421449350133134,-11.471331785133117,Very Noisy,55.554363984057886,2.162726130868883,glitch
0868,24.757006003939306,-12.857775167323844,Very Noisy,74.52319282491229,2.9251190390278077,glitch
0869,7.418045523060056,-14.917442653013207,Very Noisy,29.598979654415224,1.4732700806098096,glitch
0870,12.063372383420367,-17.133767145332243,Very Noisy,41.03315771098198,1.7616969022236288,glitch
0871,4.1377295781978685,-15.470981167563401,Very Noisy,31.024337423515806,1.4762441102925645,glitch
0872,12.904431704967685,-14.577187335639463,Very Noisy,79.99752348692766,2.8903742852880345,glitch
0873,5.972497926553654,-14.725012620930324,Very Noisy,41.277227816946976,2.0486969449877237,glitch
0874,23.537482496540132,-12.949294386889768,Very Noisy,37.99708697196033,1.4140888397262334,glitch
0875,19.516794364391885,-13.428477871023482,Very Noisy,38.764003386130454,0.7026246533325324,glitch
0876,18.954649590925968,-11.771476814396028,Very Noisy,23.55922372978243,2.0485484113661507,glitch
0877,23.619819526210897,-18.599039501383384,Very Noisy,51.612569877689324,1.3524644406306472,glitch
0878,16.468112297354498,-15.31920762375543,Very Noisy,83.23157835254189,1.84777982918831,glitch
0879,5.885443523475774,-13.551410031043812,Very Noisy,48.09118727691979,1.8466559292301994,glitch
0880,18.436156904538517,-13.207106803692007,Very Noisy,57.39452736979886,2.2609900760155575,glitch
0881,11.429883201487685,-16.58978016791426,Very Noisy,47.21483886785732,1.3305847690935892,glitch
0882,13.156756283145505,-16.122289055118912,Very Noisy,15.41391600468263,1.2855588444091626,glitch
0883,4.005955267591359,-17.338197886143373,Very Noisy,68.18693470535737,1.7001312339814643,glitch
0884,22.426286440929164,-12.13143956795591,Very Noisy,60.43599623717932,1.4644187462031972,glitch
0885,7.577886066719133,-17.475969193252528,Very Noisy,38.638424327531354,1.7072421099369248,glitch
0886,22.325972576428732,-12.423905036294467,Very Noisy,67.75094328969544,1.7949809379943518,glitch
0887,3.2697460142084562,-13.350451726633196,Very Noisy,19.467133333550354,1.6885099665652583,glitch
0888,18.580898396421155,-12.440944870629739,Very Noisy,36.129089515180056,1.1534515465022266,glitch
0889,7.2521226741371,-19.130263365216617,Very Noisy,15.739025300005203,0.8886252585459724,glitch
0890,21.749347251385892,-11.545072685563545,Very Noisy,60.92459655997934,1.9631031075834438,glitch
0891,6.680343100097051,-19.811767191359422,Very Noisy,56.11325866324422,1.120753358745313,glitch
0892,20.10043604926554,-11.945569944055954,Very Noisy,23.41684710068963,0.8199399113126209,glitch
0893,5.357575294071895,-18.428910276662613,Very Noisy,68.48341458647798,1.862869643414635,glitch
0894,24.878660299268375,-19.0937432151912,Very Noisy,33.940979355433896,2.276996034624107,glitch
0895,15.882444387665258,-12.091351468850627,Very Noisy,76.38113014427654,1.030118151752986,glitch
0896,15.906045595470179,-19.309279497027337,Very Noisy,64.38829842227875,1.7175199694427867,glitch
0897,6.7405818161089766,-13.045955577053927,Very Noisy,28.032368510309265,2.5060663709559883,glitch
0898,12.500312484951445,-12.34884307571431,Very Noisy,23.321313211677207,1.0928988790198684,glitch
0899,17.12472817874205,-18.547102710853828,Very Noisy,81.74877547857659,0.7861582968163517,glitch
0900,12.991661879996219,-13.026380541128836,Very Noisy,75.88568874062963,1.6876882577004064,glitch
0901,22.45251645841082,-18.98821869315947,Very Noisy,49.362274123646834,1.2634480686561527,glitch
0902,15.670292306347404,-14.33258390363051,Very Noisy,44.74153398965321,1.6770865630470642,glitch
0903,13.046736966444643,-12.852909718002167,Very Noisy,33.389242344131574,0.8885009035604878,glitch
0904,24.440207957955238,-19.81090664157332,Very Noisy,45.43062018983153,1.9318591627488226,glitch
0905,18.291590738625025,-18.55930268296267,Very Noisy,70.67489246709171,2.0983227260986945,glitch
0906,21.70416957158517,-16.700277587485505,Very Noisy,28.92300771459454,2.8602725665135003,glitch
0907,7.121966766488972,-18.551170463761085,Very Noisy,70.17744814077196,1.021833618961399,glitch
0908,10.757036114827233,-19.260313935951405,Very Noisy,73.01413676540301,1.918717731379224,glitch
0909,10.99941101320638,-10.947829367766438,Very Noisy,51.919078950961,0.6225482755279927,glitch
0910,24.030332400499134,-19.158870418980566,Very Noisy,33.258439014947555,1.220965833237048,glitch
0911,17.021252995037404,-13.080704474499765,Very Noisy,50.2963320160136,1.5197651417249145,glitch
0912,8.899677959233673,-12.319163510626264,Very Noisy,79.50109169053647,2.9730941946564395,glitch
0913,9.812332515516442,-15.293551045919333,Very Noisy,34.845325550780544,2.184190918541228,glitch
0914,11.18343185176506,-12.01804063292733,Very Noisy,56.23972798202127,2.2947728959968874,glitch
0915,9.99420542371448,-16.379287208453277,Very Noisy,23.018766501538636,2.707695229824467,glitch
0916,14.315544695555484,-14.665505576198829,Very Noisy,45.702208931625165,2.1407130049260132,glitch
0917,23.846724873869615,-12.188088497424792,Very Noisy,71.1373178731438,2.0378712114522353,glitch
0918,8.853068039700146,-18.72243706739073,Very Noisy,43.03097297060964,1.7098662190613356,glitch
0919,4.978632868336641,-18.463056214194786,Very Noisy,75.77042788160233,1.8613129328750415,glitch
0920,14.78123315483406,-18.90770474242668,Very Noisy,69.37906978267239,0.8590638118752567,glitch
0921,8.297666021307416,-19.722216326822185,Very Noisy,38.34884714030166,1.3431304529846786,glitch
0922,24.875326442224125,-19.364631618161383,Very Noisy,79.48424369765942,2.795609124265082,glitch
0923,18.136422801039593,-15.81266478336719,Very Noisy,69.07510243257602,0.8801193782958229,glitch
0924,17.363613773351872,-18.800114652283625,Very Noisy,22.246924230739843,1.3881788397929358,glitch
0925,17.37353307016464,-14.197336742439095,Very Noisy,58.72932872039316,2.8883499028334136,glitch
0926,13.469683164375763,-11.129791401147788,Very Noisy,74.04279921386572,2.8638857623416545,glitch
0927,4.037583783084863,-18.58906720980916,Very Noisy,16.007574383560137,2.8516645684961306,glitch
0928,14.764839954556452,-19.447420040423054,Very Noisy,45.44383901128444,1.2711025706668617,glitch
0929,11.790733535274367,-10.573471134721142,Very Noisy,75.88161171981596,2.7321756413825304,glitch
0930,16.576898001756724,-14.040542878515764,Very Noisy,60.78671551570033,0.6814609114593699,glitch
0931,8.42609166163865,-13.241360136972364,Very Noisy,74.8153030838646,1.05209011792451,glitch
0932,22.314340017999037,-11.003775913160958,Very Noisy,77.46310442557444,2.869608811233004,glitch
0933,8.6933383329911,-14.457712011938664,Very Noisy,17.672440799621025,1.7670124956968158,glitch
0934,18.16013781225798,-13.57394538466871,Very Noisy,48.643513334146554,1.3264768189391323,glitch
0935,10.582611454391632,-15.045350079594677,Very Noisy,82.51459126612295,2.6602771738536584,glitch
0936,22.880200954219656,-14.153604909296636,Very Noisy,26.961534570652866,0.7513610319906447,glitch
0937,14.239738747039976,-18.953968711782377,Very Noisy,26.578491384276717,1.8657309285591062,glitch
0938,9.919328715314974,-19.337841185199927,Very Noisy,51.96326911348405,1.4981541562357914,glitch
0939,15.832934696607298,-16.030615474008535,Very Noisy,23.0617898888907,1.2232199266993566,glitch
0940,19.35160005877574,-13.986422698834522,Very Noisy,23.1786996977466,1.8441915600940224,glitch
0941,6.6900536794872565,-16.122491327857144,Very Noisy,18.61592943236796,2.9670844256249596,glitch
0942,21.10219458093804,-17.515226918119716,Very Noisy,45.73448315571308,0.6229554032362747,glitch
0943,17.697679756712624,-11.317323217397115,Very Noisy,73.42442830469585,0.7426739411747849,glitch
0944,23.663341424018036,-12.691228302849382,Very Noisy,19.757747356103426,1.4526424391726565,glitch
0945,18.36557260874834,-13.146978088601683,Very Noisy,70.07785348407455,0.5202504423350769,glitch
0946,17.494747639287496,-11.733632701797012,Very Noisy,29.769221461672984,1.4752613730729363,glitch
0947,23.141295305679442,-14.139986856755904,Very Noisy,80.6708766592517,0.7363191536828049,glitch
0948,5.208615233405916,-17.182064672230567,Very Noisy,37.89805338786627,2.424579670322976,glitch
0949,4.572232444005533,-17.42900710837862,Very Noisy,76.56508122925851,2.190880283716571,glitch
0950,16.187970151227148,-10.920964786546213,Very Noisy,35.5095874360712,2.3564037890983895,glitch
0951,17.90614795988845,-15.289193575640088,Very Noisy,42.43832520643278,1.7171875296048518,glitch
0952,9.782659600868065,-17.942306147001247,Very Noisy,62.56934756097513,0.7557540359575067,glitch
0953,18.93765187642518,-19.415604704234642,Very Noisy,18.897605845907794,2.046110416486979,glitch
0954,21.037142095481588,-17.390050903706005,Very Noisy,24.1961653658121,2.8570290159148573,glitch
0955,4.051595711817458,-19.21326600737249,Very Noisy,79.7463267552914,1.5205404672532767,glitch
0956,4.576235181376042,-17.128857178194167,Very Noisy,22.98427640824995,1.9757526995583374,glitch
0957,11.494961319601957,-17.654052030802376,Very Noisy,74.72976252393495,1.3436123632801393,glitch
0958,11.195490880615756,-19.69579885341577,Very Noisy,22.382457197602626,1.537925701174952,glitch
0959,4.034265535622966,-12.496069412416215,Very Noisy,57.2862960360257,0.5917751100250306,glitch
0960,20.27653888222776,-10.002105698503554,Very Noisy,24.998023516243393,1.600563503194631,glitch
0961,24.930206717607923,-19.920429768132195,Very Noisy,77.82909044767356,1.857507521495909,glitch
0962,18.841336949405814,-19.968726928222864,Very Noisy,63.942490984928384,1.4028624381352208,glitch
0963,11.841901784151663,-12.229097760926601,Very Noisy,52.32165308360779,1.1785993571888733,glitch
0964,13.883399292577607,-12.926665072635185,Very Noisy,26.65451565890306,2.7962522577508504,glitch
0965,15.567979933429905,-14.542341320401132,Very Noisy,54.05955396250742,1.8682454375626765,glitch
0966,23.002883904435024,-14.640867588489012,Very Noisy,69.84009649489275,1.2630138846905552,glitch
0967,8.216064100102248,-17.384786774042,Very Noisy,56.47858125284425,1.0696549798291506,glitch
0968,11.453577246606379,-17.468594781475787,Very Noisy,48.74297040484813,1.2531829177816949,glitch
0969,6.907223747200467,-10.679557022072135,Very Noisy,71.7699655605416,1.2932553591624216,glitch
0970,21.617596046554088,-17.57474011627979,Very Noisy,34.39230591046016,2.1593579488426196,glitch
0971,3.9117045025316655,-19.736525536623308,Very Noisy,18.614333748978495,1.4635099719897313,glitch
0972,12.71807404509553,-18.96930940457909,Very Noisy,52.486304825565234,1.3841797555721813,glitch
0973,21.768019749871655,-19.381577640906862,Very Noisy,77.75618023841476,1.5567664406146084,glitch
0974,16.10914610627463,-19.65966069877148,Very Noisy,78.74873641984037,1.6094002345281462,glitch
0975,6.85697128733954,-12.229145462784434,Very Noisy,67.83459615248458,1.4280927676132302,glitch
0976,4.703644571448314,-14.536357501569286,Very Noisy,32.541159906928854,2.3021034886462557,glitch
0977,13.363417158689005,-17.538674621878783,Very Noisy,80.3127416408594,1.7004344870570907,glitch
0978,22.704200646949907,-16.30382191663472,Very Noisy,75.06220942098503,2.717430023913944,glitch
0979,23.355950052496233,-11.791759086327527,Very Noisy,68.3818285236311,1.2899912020165916,glitch
0980,19.245965527245477,-15.190456045641188,Very Noisy,79.64359535977138,1.623636784309524,glitch
0981,4.1001510439866165,-15.560434903128378,Very Noisy,59.067317223444164,2.0477547185219036,glitch
0982,24.982912775959917,-16.589358501793548,Very Noisy,59.7561593553446,0.7279421157098444,glitch
0983,22.571906204144206,-17.888861335499232,Very Noisy,82.50207051855566,1.751226884007242,glitch
0984,21.285413160635247,-19.232460072327683,Very Noisy,28.337109162929856,2.652430004244758,glitch
0985,15.774319530576507,-10.342783414221806,Very Noisy,34.500383177298204,1.1095434316394057,glitch
0986,23.647078298418215,-17.077166511487242,Very Noisy,30.88141693167971,1.8570484178164217,glitch
0987,13.777504789475325,-16.18959342183251,Very Noisy,79.59906965213806,1.0650354434323375,glitch
0988,18.967028214443715,-15.377402180735599,Very Noisy,71.02207357393,1.831656001166719,glitch
0989,9.312906532262087,-11.667316082904398,Very Noisy,63.639872753998695,1.8269327627872065,glitch
0990,19.3338715388621,-17.33190640471812,Very Noisy,48.913104225302725,2.356834078130786,glitch
0991,7.179868738761514,-18.440065023822072,Very Noisy,72.54059436565144,1.9191431731495754,glitch
0992,21.290924331825476,-10.918013169720997,Very Noisy,64.0364304094144,1.820332729391947,glitch
0993,4.113043194405664,-10.767675476314253,Very Noisy,39.977875311491786,1.5889403500892179,glitch
0994,6.9649859536498635,-11.653301303788052,Very Noisy,55.66124384433167,0.7244075519075726,glitch
0995,15.659496064128241,-13.462714143032137,Very Noisy,53.691128041916656,2.0106396876662704,glitch
0996,21.55370014175255,-13.539919686353155,Very Noisy,82.71722175258311,2.334668478167649,glitch
0997,23.596564123350383,-11.479308409866812,Very Noisy,38.57580447173682,0.501682716954019,glitch
0998,5.360887186361946,-10.67487117275795,Very Noisy,73.47814558947795,2.2222815693961246,glitch
0999,20.421686771955063,-13.631992574346345,Very Noisy,64.52190091037718,1.2112635649245127,glitch
1000,22.808309443933926,-16.54656835727943,Very Noisy,55.030757354691914,2.1873080046080497,glitch
